Timestamp,SessionTime,SessionState,OnPitRoad,InPitStall,Speed,LapLastLapTime,PitRepairLeft,PitOptRepairLeft,PlayerCarTowTime,Trigger
20260608 16:33:49.771,62.333,4,0,0,0.0,0.000,0.00,0.00,0.00,change
20260608 16:33:50.783,63.333,4,0,0,0.0,0.000,0.00,0.00,0.00,interval
20260608 16:33:51.787,64.317,4,0,0,0.0,0.000,0.00,0.00,0.00,interval
20260608 16:33:52.799,65.300,4,0,0,0.0,0.000,0.00,0.00,0.00,interval
20260608 16:33:53.816,66.317,4,0,0,0.0,0.000,0.00,0.00,0.00,interval
20260608 16:33:54.830,68.017,4,0,0,0.0,0.000,0.00,0.00,0.00,interval
20260608 16:33:55.845,69.133,4,0,0,0.0,0.000,0.00,0.00,0.00,interval
20260608 16:33:56.845,70.233,4,0,0,0.0,0.000,0.00,0.00,0.00,interval
20260608 16:33:57.385,70.800,4,1,1,0.0,0.000,0.00,0.00,0.00,change
20260608 16:33:58.424,71.917,4,1,1,0.0,0.000,0.00,0.00,0.00,interval
20260608 16:33:59.440,73.033,4,1,1,0.0,0.000,0.00,0.00,0.00,interval
20260608 16:34:00.454,73.150,4,1,1,0.0,0.000,0.00,0.00,0.00,interval
20260608 16:34:01.344,74.050,4,1,0,0.6,0.000,0.00,0.00,0.00,change
20260608 16:34:02.349,75.050,4,1,0,3.3,0.000,0.00,0.00,0.00,interval
20260608 16:34:03.362,76.050,4,1,0,3.8,0.000,0.00,0.00,0.00,interval
20260608 16:34:04.376,77.050,4,1,0,3.8,0.000,0.00,0.00,0.00,interval
20260608 16:34:05.387,78.050,4,1,0,3.8,0.000,0.00,0.00,0.00,interval
20260608 16:34:06.395,79.050,4,1,0,3.8,0.000,0.00,0.00,0.00,interval
20260608 16:34:07.400,80.050,4,1,0,3.7,0.000,0.00,0.00,0.00,interval
20260608 16:34:08.401,81.050,4,1,0,3.7,0.000,0.00,0.00,0.00,interval
20260608 16:34:09.250,81.900,4,0,0,3.7,0.000,0.00,0.00,0.00,change
20260608 16:34:10.251,82.900,4,0,0,3.7,0.000,0.00,0.00,0.00,interval
20260608 16:34:11.267,83.917,4,0,0,4.5,0.000,0.00,0.00,0.00,interval
20260608 16:34:12.283,84.933,4,0,0,5.4,0.000,0.00,0.00,0.00,interval
20260608 16:34:13.285,85.933,4,0,0,6.3,0.000,0.00,0.00,0.00,interval
20260608 16:34:14.301,86.950,4,0,0,7.1,0.000,0.00,0.00,0.00,interval
20260608 16:34:15.302,87.967,4,0,0,10.2,0.000,0.00,0.00,0.00,interval
20260608 16:34:16.302,88.967,4,0,0,16.7,0.000,0.00,0.00,0.00,interval
20260608 16:34:17.302,89.967,4,0,0,22.3,0.000,0.00,0.00,0.00,interval
20260608 16:34:18.318,90.983,4,0,0,16.8,0.000,0.00,0.00,0.00,interval
20260608 16:34:19.319,91.983,4,0,0,16.2,0.000,0.00,0.00,0.00,interval
20260608 16:34:20.319,92.983,4,0,0,17.8,0.000,0.00,0.00,0.00,interval
20260608 16:34:21.335,94.000,4,0,0,20.5,0.000,0.00,0.00,0.00,interval
20260608 16:34:22.335,95.000,4,0,0,24.6,0.000,0.00,0.00,0.00,interval
20260608 16:34:23.352,96.017,4,0,0,25.0,0.000,0.00,0.00,0.00,interval
20260608 16:34:24.352,97.017,4,0,0,25.3,0.000,0.00,0.00,0.00,interval
20260608 16:34:25.368,98.033,4,0,0,28.7,0.000,0.00,0.00,0.00,interval
20260608 16:34:26.369,99.033,4,0,0,31.2,0.000,0.00,0.00,0.00,interval
20260608 16:34:27.385,100.050,4,0,0,33.0,0.000,0.00,0.00,0.00,interval
20260608 16:34:28.385,101.050,4,0,0,35.6,0.000,0.00,0.00,0.00,interval
20260608 16:34:29.401,102.067,4,0,0,38.8,0.000,0.00,0.00,0.00,interval
20260608 16:34:30.402,103.067,4,0,0,42.6,0.000,0.00,0.00,0.00,interval
20260608 16:34:31.403,104.067,4,0,0,46.6,0.000,0.00,0.00,0.00,interval
20260608 16:34:32.418,105.083,4,0,0,49.9,0.000,0.00,0.00,0.00,interval
20260608 16:34:33.419,106.083,4,0,0,53.0,0.000,0.00,0.00,0.00,interval
20260608 16:34:34.435,107.100,4,0,0,55.8,0.000,0.00,0.00,0.00,interval
20260608 16:34:35.436,108.100,4,0,0,58.2,0.000,0.00,0.00,0.00,interval
20260608 16:34:36.451,109.117,4,0,0,57.9,0.000,0.00,0.00,0.00,interval
20260608 16:34:37.451,110.117,4,0,0,44.0,0.000,0.00,0.00,0.00,interval
20260608 16:34:38.451,111.117,4,0,0,39.5,0.000,0.00,0.00,0.00,interval
20260608 16:34:39.452,112.117,4,0,0,40.3,0.000,0.00,0.00,0.00,interval
20260608 16:34:40.469,113.133,4,0,0,42.4,0.000,0.00,0.00,0.00,interval
20260608 16:34:41.485,114.150,4,0,0,36.7,0.000,0.00,0.00,0.00,interval
20260608 16:34:42.486,115.150,4,0,0,33.5,0.000,0.00,0.00,0.00,interval
20260608 16:34:43.503,116.167,4,0,0,33.4,0.000,0.00,0.00,0.00,interval
20260608 16:34:44.519,117.183,4,0,0,36.9,0.000,0.00,0.00,0.00,interval
20260608 16:34:45.520,118.183,4,0,0,40.2,0.000,0.00,0.00,0.00,interval
20260608 16:34:46.521,119.183,4,0,0,42.4,0.000,0.00,0.00,0.00,interval
20260608 16:34:47.536,120.200,4,0,0,40.0,0.000,0.00,0.00,0.00,interval
20260608 16:34:48.536,121.200,4,0,0,35.1,0.000,0.00,0.00,0.00,interval
20260608 16:34:49.536,122.200,4,0,0,31.7,0.000,0.00,0.00,0.00,interval
20260608 16:34:50.537,123.200,4,0,0,29.6,0.000,0.00,0.00,0.00,interval
20260608 16:34:51.553,124.217,4,0,0,30.3,0.000,0.00,0.00,0.00,interval
20260608 16:34:52.554,125.217,4,0,0,29.8,0.000,0.00,0.00,0.00,interval
20260608 16:34:53.569,126.233,4,0,0,20.6,0.000,0.00,0.00,0.00,interval
20260608 16:34:54.586,127.250,4,0,0,18.5,0.000,0.00,0.00,0.00,interval
20260608 16:34:55.586,128.250,4,0,0,25.3,0.000,0.00,0.00,0.00,interval
20260608 16:34:56.603,129.267,4,0,0,31.0,0.000,0.00,0.00,0.00,interval
20260608 16:34:57.603,130.267,4,0,0,36.7,0.000,0.00,0.00,0.00,interval
20260608 16:34:58.603,131.267,4,0,0,41.4,0.000,0.00,0.00,0.00,interval
20260608 16:34:59.620,132.283,4,0,0,45.7,0.000,0.00,0.00,0.00,interval
20260608 16:35:00.635,133.300,4,0,0,49.4,0.000,0.00,0.00,0.00,interval
20260608 16:35:01.636,134.300,4,0,0,52.4,0.000,0.00,0.00,0.00,interval
20260608 16:35:02.637,135.300,4,0,0,55.1,0.000,0.00,0.00,0.00,interval
20260608 16:35:03.652,136.317,4,0,0,57.5,0.000,0.00,0.00,0.00,interval
20260608 16:35:04.653,137.317,4,0,0,59.7,0.000,0.00,0.00,0.00,interval
20260608 16:35:05.670,138.333,4,0,0,61.4,0.000,0.00,0.00,0.00,interval
20260608 16:35:06.686,139.350,4,0,0,63.0,0.000,0.00,0.00,0.00,interval
20260608 16:35:07.703,140.367,4,0,0,64.4,0.000,0.00,0.00,0.00,interval
20260608 16:35:08.720,141.383,4,0,0,65.7,0.000,0.00,0.00,0.00,interval
20260608 16:35:09.720,142.383,4,0,0,66.9,0.000,0.00,0.00,0.00,interval
20260608 16:35:10.736,143.400,4,0,0,67.9,0.000,0.00,0.00,0.00,interval
20260608 16:35:11.737,144.400,4,0,0,59.5,0.000,0.00,0.00,0.00,interval
20260608 16:35:12.753,145.417,4,0,0,59.3,0.000,0.00,0.00,0.00,interval
20260608 16:35:13.754,146.417,4,0,0,61.2,0.000,0.00,0.00,0.00,interval
20260608 16:35:14.755,147.417,4,0,0,62.9,0.000,0.00,0.00,0.00,interval
20260608 16:35:15.770,148.433,4,0,0,64.6,0.000,0.00,0.00,0.00,interval
20260608 16:35:16.771,149.433,4,0,0,65.9,0.000,0.00,0.00,0.00,interval
20260608 16:35:17.786,150.450,4,0,0,67.2,0.000,0.00,0.00,0.00,interval
20260608 16:35:18.786,151.450,4,0,0,58.1,0.000,0.00,0.00,0.00,interval
20260608 16:35:19.787,152.450,4,0,0,40.7,0.000,0.00,0.00,0.00,interval
20260608 16:35:20.787,153.450,4,0,0,26.9,0.000,0.00,0.00,0.00,interval
20260608 16:35:21.787,154.450,4,0,0,17.2,0.000,0.00,0.00,0.00,interval
20260608 16:35:22.787,155.450,4,0,0,12.8,0.000,0.00,0.00,0.00,interval
20260608 16:35:23.788,156.450,4,0,0,14.0,0.000,0.00,0.00,0.00,interval
20260608 16:35:24.804,157.467,4,0,0,21.2,0.000,0.00,0.00,0.00,interval
20260608 16:35:25.821,158.483,4,0,0,25.7,0.000,0.00,0.00,0.00,interval
20260608 16:35:26.837,159.500,4,0,0,26.1,0.000,0.00,0.00,0.00,interval
20260608 16:35:27.837,160.500,4,0,0,24.8,0.000,0.00,0.00,0.00,interval
20260608 16:35:28.837,161.500,4,0,0,24.6,0.000,0.00,0.00,0.00,interval
20260608 16:35:29.854,162.517,4,0,0,21.0,0.000,0.00,0.00,0.00,interval
20260608 16:35:30.872,163.533,4,0,0,23.6,0.000,0.00,0.00,0.00,interval
20260608 16:35:31.887,164.550,4,0,0,28.1,0.000,0.00,0.00,0.00,interval
20260608 16:35:32.904,165.567,4,0,0,29.2,0.000,0.00,0.00,0.00,interval
20260608 16:35:33.905,166.567,4,0,0,27.8,0.000,0.00,0.00,0.00,interval
20260608 16:35:34.920,167.583,4,0,0,21.7,0.000,0.00,0.00,0.00,interval
20260608 16:35:35.920,168.583,4,0,0,17.4,0.000,0.00,0.00,0.00,interval
20260608 16:35:36.937,169.600,4,0,0,15.6,0.000,0.00,0.00,0.00,interval
20260608 16:35:37.937,170.600,4,0,0,16.1,0.000,0.00,0.00,0.00,interval
20260608 16:35:38.938,171.600,4,0,0,19.4,0.000,0.00,0.00,0.00,interval
20260608 16:35:39.954,172.617,4,0,0,23.5,0.000,0.00,0.00,0.00,interval
20260608 16:35:40.955,173.617,4,0,0,20.4,0.000,0.00,0.00,0.00,interval
20260608 16:35:41.970,174.633,4,0,0,14.9,0.000,0.00,0.00,0.00,interval
20260608 16:35:42.987,175.650,4,0,0,14.9,0.000,0.00,0.00,0.00,interval
20260608 16:35:43.987,176.650,4,0,0,18.6,0.000,0.00,0.00,0.00,interval
20260608 16:35:44.989,177.650,4,0,0,25.3,0.000,0.00,0.00,0.00,interval
20260608 16:35:46.003,178.667,4,0,0,31.7,0.000,0.00,0.00,0.00,interval
20260608 16:35:47.004,179.667,4,0,0,37.5,0.000,0.00,0.00,0.00,interval
20260608 16:35:48.021,180.683,4,0,0,41.8,0.000,0.00,0.00,0.00,interval
20260608 16:35:49.022,181.683,4,0,0,46.0,0.000,0.00,0.00,0.00,interval
20260608 16:35:50.022,182.683,4,0,0,49.4,0.000,0.00,0.00,0.00,interval
20260608 16:35:51.038,183.700,4,0,0,52.6,0.000,0.00,0.00,0.00,interval
20260608 16:35:52.038,184.700,4,0,0,55.4,0.000,0.00,0.00,0.00,interval
20260608 16:35:53.038,185.700,4,0,0,57.8,0.000,0.00,0.00,0.00,interval
20260608 16:35:54.039,186.700,4,0,0,60.0,0.000,0.00,0.00,0.00,interval
20260608 16:35:55.055,187.717,4,0,0,61.7,0.000,0.00,0.00,0.00,interval
20260608 16:35:56.072,188.733,4,0,0,63.4,0.000,0.00,0.00,0.00,interval
20260608 16:35:57.072,189.733,4,0,0,64.9,0.000,0.00,0.00,0.00,interval
20260608 16:35:58.089,190.750,4,0,0,66.3,0.000,0.00,0.00,0.00,interval
20260608 16:35:59.105,191.767,4,0,0,67.5,0.000,0.00,0.00,0.00,interval
20260608 16:36:00.122,192.783,4,0,0,68.5,0.000,0.00,0.00,0.00,interval
20260608 16:36:01.123,193.783,4,0,0,69.4,0.000,0.00,0.00,0.00,interval
20260608 16:36:02.138,194.800,4,0,0,70.1,0.000,0.00,0.00,0.00,interval
20260608 16:36:03.139,195.800,4,0,0,70.8,0.000,0.00,0.00,0.00,interval
20260608 16:36:04.139,196.800,4,0,0,71.5,0.000,0.00,0.00,0.00,interval
20260608 16:36:05.156,197.817,4,0,0,55.1,0.000,0.00,0.00,0.00,interval
20260608 16:36:06.156,198.817,4,0,0,39.1,0.000,0.00,0.00,0.00,interval
20260608 16:36:07.172,199.833,4,0,0,27.2,0.000,0.00,0.00,0.00,interval
20260608 16:36:08.189,200.850,4,0,0,20.7,0.000,0.00,0.00,0.00,interval
20260608 16:36:09.205,201.867,4,0,0,15.6,0.000,0.00,0.00,0.00,interval
20260608 16:36:10.223,202.883,4,0,0,15.6,0.000,0.00,0.00,0.00,interval
20260608 16:36:11.239,203.900,4,0,0,21.8,0.000,0.00,0.00,0.00,interval
20260608 16:36:12.239,204.900,4,0,0,27.4,0.000,0.00,0.00,0.00,interval
20260608 16:36:13.255,205.917,4,0,0,33.1,0.000,0.00,0.00,0.00,interval
20260608 16:36:14.256,206.917,4,0,0,38.0,0.000,0.00,0.00,0.00,interval
20260608 16:36:15.271,207.933,4,0,0,42.1,0.000,0.00,0.00,0.00,interval
20260608 16:36:16.271,208.933,4,0,0,44.7,0.000,0.00,0.00,0.00,interval
20260608 16:36:17.272,209.933,4,0,0,48.6,0.000,0.00,0.00,0.00,interval
20260608 16:36:18.288,210.950,4,0,0,51.7,0.000,0.00,0.00,0.00,interval
20260608 16:36:19.289,211.950,4,0,0,54.3,0.000,0.00,0.00,0.00,interval
20260608 16:36:20.289,212.950,4,0,0,56.6,0.000,0.00,0.00,0.00,interval
20260608 16:36:21.305,213.967,4,0,0,58.7,0.000,0.00,0.00,0.00,interval
20260608 16:36:22.307,214.967,4,0,0,60.6,0.000,0.00,0.00,0.00,interval
20260608 16:36:23.322,215.983,4,0,0,62.2,0.000,0.00,0.00,0.00,interval
20260608 16:36:24.322,216.983,4,0,0,63.7,0.000,0.00,0.00,0.00,interval
20260608 16:36:25.338,218.000,4,0,0,65.1,0.000,0.00,0.00,0.00,interval
20260608 16:36:26.338,219.000,4,0,0,50.0,0.000,0.00,0.00,0.00,interval
20260608 16:36:27.339,220.000,4,0,0,34.4,0.000,0.00,0.00,0.00,interval
20260608 16:36:28.339,221.000,4,0,0,24.6,0.000,0.00,0.00,0.00,interval
20260608 16:36:29.339,222.000,4,0,0,22.9,0.000,0.00,0.00,0.00,interval
20260608 16:36:30.339,223.000,4,0,0,23.4,0.000,0.00,0.00,0.00,interval
20260608 16:36:31.354,224.017,4,0,0,27.1,0.000,0.00,0.00,0.00,interval
20260608 16:36:32.372,225.033,4,0,0,29.7,0.000,0.00,0.00,0.00,interval
20260608 16:36:33.389,226.050,4,0,0,29.1,0.000,0.00,0.00,0.00,interval
20260608 16:36:34.389,227.050,4,0,0,31.6,0.000,0.00,0.00,0.00,interval
20260608 16:36:35.390,228.050,4,0,0,33.3,0.000,0.00,0.00,0.00,interval
20260608 16:36:36.407,229.067,4,0,0,34.6,0.000,0.00,0.00,0.00,interval
20260608 16:36:37.422,230.083,4,0,0,38.2,0.000,0.00,0.00,0.00,interval
20260608 16:36:38.422,231.083,4,0,0,42.3,0.000,0.00,0.00,0.00,interval
20260608 16:36:39.439,232.100,4,0,0,46.3,0.000,0.00,0.00,0.00,interval
20260608 16:36:40.439,233.100,4,0,0,49.7,0.000,0.00,0.00,0.00,interval
20260608 16:36:41.455,234.117,4,0,0,52.6,0.000,0.00,0.00,0.00,interval
20260608 16:36:42.455,235.117,4,0,0,55.4,0.000,0.00,0.00,0.00,interval
20260608 16:36:43.472,236.133,4,0,0,58.0,0.000,0.00,0.00,0.00,interval
20260608 16:36:44.490,237.150,4,0,0,59.7,0.000,0.00,0.00,0.00,interval
20260608 16:36:45.505,238.167,4,0,0,48.2,0.000,0.00,0.00,0.00,interval
20260608 16:36:46.506,239.167,4,0,0,40.8,0.000,0.00,0.00,0.00,interval
20260608 16:36:47.506,240.167,4,0,0,41.0,0.000,0.00,0.00,0.00,interval
20260608 16:36:48.523,241.183,4,0,0,42.3,0.000,0.00,0.00,0.00,interval
20260608 16:36:49.523,242.183,4,0,0,42.3,0.000,0.00,0.00,0.00,interval
20260608 16:36:50.538,243.200,4,0,0,33.6,0.000,0.00,0.00,0.00,interval
20260608 16:36:51.540,244.200,4,0,0,35.2,0.000,0.00,0.00,0.00,interval
20260608 16:36:52.554,245.217,4,0,0,38.7,0.000,0.00,0.00,0.00,interval
20260608 16:36:53.554,246.217,4,0,0,42.6,0.000,0.00,0.00,0.00,interval
20260608 16:36:54.556,247.217,4,0,0,44.6,0.000,0.00,0.00,0.00,interval
20260608 16:36:55.571,248.233,4,0,0,41.6,0.000,0.00,0.00,0.00,interval
20260608 16:36:56.573,249.233,4,0,0,36.6,0.000,0.00,0.00,0.00,interval
20260608 16:36:57.588,250.250,4,0,0,33.9,0.000,0.00,0.00,0.00,interval
20260608 16:36:58.591,251.250,4,0,0,31.5,0.000,0.00,0.00,0.00,interval
20260608 16:36:59.606,252.267,4,0,0,29.3,0.000,0.00,0.00,0.00,interval
20260608 16:37:00.606,253.267,4,0,0,27.2,0.000,0.00,0.00,0.00,interval
20260608 16:37:01.622,254.283,4,0,0,27.2,0.000,0.00,0.00,0.00,interval
20260608 16:37:02.622,255.283,4,0,0,30.3,0.000,0.00,0.00,0.00,interval
20260608 16:37:03.622,256.283,4,0,0,35.9,0.000,0.00,0.00,0.00,interval
20260608 16:37:04.639,257.300,4,0,0,40.7,0.000,0.00,0.00,0.00,interval
20260608 16:37:05.656,258.317,4,0,0,45.2,0.000,0.00,0.00,0.00,interval
20260608 16:37:06.672,259.333,4,0,0,49.0,0.000,0.00,0.00,0.00,interval
20260608 16:37:07.689,260.350,4,0,0,52.0,0.000,0.00,0.00,0.00,interval
20260608 16:37:08.706,261.367,4,0,0,54.8,0.000,0.00,0.00,0.00,interval
20260608 16:37:09.706,262.367,4,0,0,57.3,0.000,0.00,0.00,0.00,interval
20260608 16:37:10.723,263.383,4,0,0,59.5,0.000,0.00,0.00,0.00,interval
20260608 16:37:11.739,264.400,4,0,0,61.2,0.000,0.00,0.00,0.00,interval
20260608 16:37:12.739,265.400,4,0,0,62.8,0.000,0.00,0.00,0.00,interval
20260608 16:37:13.740,266.400,4,0,0,64.2,0.000,0.00,0.00,0.00,interval
20260608 16:37:14.756,267.417,4,0,0,65.5,0.000,0.00,0.00,0.00,interval
20260608 16:37:15.772,268.433,4,0,0,66.6,0.000,0.00,0.00,0.00,interval
20260608 16:37:16.772,269.433,4,0,0,67.7,0.000,0.00,0.00,0.00,interval
20260608 16:37:17.789,270.450,4,0,0,68.6,0.000,0.00,0.00,0.00,interval
20260608 16:37:18.789,271.450,4,0,0,69.3,0.000,0.00,0.00,0.00,interval
20260608 16:37:19.789,272.450,4,0,0,69.8,0.000,0.00,0.00,0.00,interval
20260608 16:37:20.806,273.467,4,0,0,70.6,0.000,0.00,0.00,0.00,interval
20260608 16:37:21.810,274.467,4,0,0,71.3,0.000,0.00,0.00,0.00,interval
20260608 16:37:22.822,275.483,4,0,0,72.0,0.000,0.00,0.00,0.00,interval
20260608 16:37:23.822,276.483,4,0,0,70.8,0.000,0.00,0.00,0.00,interval
20260608 16:37:24.822,277.483,4,0,0,51.7,0.000,0.00,0.00,0.00,interval
20260608 16:37:25.822,278.483,4,0,0,37.8,0.000,0.00,0.00,0.00,interval
20260608 16:37:26.823,279.483,4,0,0,27.4,0.000,0.00,0.00,0.00,interval
20260608 16:37:27.838,280.500,4,0,0,20.3,0.000,0.00,0.00,0.00,interval
20260608 16:37:28.838,281.500,4,0,0,18.9,0.000,0.00,0.00,0.00,interval
20260608 16:37:29.856,282.517,4,0,0,24.3,0.000,0.00,0.00,0.00,interval
20260608 16:37:30.872,283.550,4,0,0,29.6,0.000,0.00,0.00,0.00,interval
20260608 16:37:31.889,284.567,4,0,0,27.4,0.000,0.00,0.00,0.00,interval
20260608 16:37:32.890,285.567,4,0,0,23.1,0.000,0.00,0.00,0.00,interval
20260608 16:37:33.891,286.567,4,0,0,22.8,0.000,0.00,0.00,0.00,interval
20260608 16:37:34.905,287.583,4,0,0,25.7,0.000,0.00,0.00,0.00,interval
20260608 16:37:35.905,288.583,4,0,0,29.7,0.000,0.00,0.00,0.00,interval
20260608 16:37:36.905,289.583,4,0,0,32.3,0.000,0.00,0.00,0.00,interval
20260608 16:37:37.906,290.583,4,0,0,32.9,0.000,0.00,0.00,0.00,interval
20260608 16:37:38.908,291.583,4,0,0,27.0,0.000,0.00,0.00,0.00,interval
20260608 16:37:39.922,292.600,4,0,0,14.9,0.000,0.00,0.00,0.00,interval
20260608 16:37:40.923,293.600,4,0,0,16.8,0.000,0.00,0.00,0.00,interval
20260608 16:37:41.939,294.617,4,0,0,20.9,0.000,0.00,0.00,0.00,interval
20260608 16:37:42.955,295.633,4,0,0,24.8,0.000,0.00,0.00,0.00,interval
20260608 16:37:43.956,296.633,4,0,0,25.1,0.000,0.00,0.00,0.00,interval
20260608 16:37:44.956,297.633,4,0,0,18.5,0.000,0.00,0.00,0.00,interval
20260608 16:37:45.972,298.633,4,0,0,13.8,0.000,0.00,0.00,0.00,interval
20260608 16:37:46.972,299.633,4,0,0,19.9,0.000,0.00,0.00,0.00,interval
20260608 16:37:47.974,300.633,4,0,0,26.9,0.000,0.00,0.00,0.00,interval
20260608 16:37:48.989,301.650,4,0,0,33.9,0.000,0.00,0.00,0.00,interval
20260608 16:37:50.006,302.667,4,0,0,39.1,0.000,0.00,0.00,0.00,interval
20260608 16:37:51.023,303.683,4,0,0,43.7,0.000,0.00,0.00,0.00,interval
20260608 16:37:52.038,304.700,4,0,0,47.7,0.000,0.00,0.00,0.00,interval
20260608 16:37:53.038,305.700,4,0,0,50.9,0.000,0.00,0.00,0.00,interval
20260608 16:37:54.038,306.700,4,0,0,53.9,0.000,0.00,0.00,0.00,interval
20260608 16:37:55.039,307.700,4,0,0,56.5,0.000,0.00,0.00,0.00,interval
20260608 16:37:56.039,308.700,4,0,0,58.8,0.000,0.00,0.00,0.00,interval
20260608 16:37:57.057,309.717,4,0,0,60.7,0.000,0.00,0.00,0.00,interval
20260608 16:37:58.071,310.733,4,0,0,62.5,0.000,0.00,0.00,0.00,interval
20260608 16:37:59.071,311.733,4,0,0,64.1,0.000,0.00,0.00,0.00,interval
20260608 16:38:00.071,312.733,4,0,0,65.5,0.000,0.00,0.00,0.00,interval
20260608 16:38:01.073,313.733,4,0,0,66.8,0.000,0.00,0.00,0.00,interval
20260608 16:38:02.073,314.733,4,0,0,67.9,0.000,0.00,0.00,0.00,interval
20260608 16:38:03.089,315.750,4,0,0,68.9,0.000,0.00,0.00,0.00,interval
20260608 16:38:04.091,316.750,4,0,0,69.6,0.000,0.00,0.00,0.00,interval
20260608 16:38:05.107,317.767,4,0,0,70.4,0.000,0.00,0.00,0.00,interval
20260608 16:38:06.123,318.783,4,0,0,71.1,0.000,0.00,0.00,0.00,interval
20260608 16:38:07.123,319.783,4,0,0,71.6,0.000,0.00,0.00,0.00,interval
20260608 16:38:08.140,320.800,4,0,0,53.9,0.000,0.00,0.00,0.00,interval
20260608 16:38:09.157,321.817,4,0,0,36.4,0.000,0.00,0.00,0.00,interval
20260608 16:38:10.173,322.833,4,0,0,21.6,0.000,0.00,0.00,0.00,interval
20260608 16:38:11.173,323.850,4,0,0,15.4,0.000,0.00,0.00,0.00,interval
20260608 16:38:12.190,324.867,4,0,0,15.5,0.000,0.00,0.00,0.00,interval
20260608 16:38:13.206,325.883,4,0,0,20.5,0.000,0.00,0.00,0.00,interval
20260608 16:38:14.207,326.883,4,0,0,26.6,0.000,0.00,0.00,0.00,interval
20260608 16:38:15.222,327.900,4,0,0,32.3,0.000,0.00,0.00,0.00,interval
20260608 16:38:16.223,328.900,4,0,0,37.3,0.000,0.00,0.00,0.00,interval
20260608 16:38:17.224,329.900,4,0,0,41.1,0.000,0.00,0.00,0.00,interval
20260608 16:38:18.238,330.917,4,0,0,45.0,0.000,0.00,0.00,0.00,interval
20260608 16:38:19.238,331.917,4,0,0,48.7,0.000,0.00,0.00,0.00,interval
20260608 16:38:20.239,332.917,4,0,0,51.8,0.000,0.00,0.00,0.00,interval
20260608 16:38:21.255,333.933,4,0,0,54.4,0.000,0.00,0.00,0.00,interval
20260608 16:38:22.257,334.933,4,0,0,56.6,0.000,0.00,0.00,0.00,interval
20260608 16:38:23.272,335.950,4,0,0,58.7,0.000,0.00,0.00,0.00,interval
20260608 16:38:24.287,336.967,4,0,0,60.6,122.147,0.00,0.00,0.00,interval
20260608 16:38:25.289,337.967,4,0,0,62.1,122.147,0.00,0.00,0.00,interval
20260608 16:38:26.306,338.983,4,0,0,63.7,122.147,0.00,0.00,0.00,interval
20260608 16:38:27.306,339.983,4,0,0,65.1,122.147,0.00,0.00,0.00,interval
20260608 16:38:28.306,340.983,4,0,0,53.0,122.147,0.00,0.00,0.00,interval
20260608 16:38:29.306,341.983,4,0,0,35.3,122.147,0.00,0.00,0.00,interval
20260608 16:38:30.308,342.983,4,0,0,25.5,122.147,0.00,0.00,0.00,interval
20260608 16:38:31.323,344.000,4,0,0,22.2,122.147,0.00,0.00,0.00,interval
20260608 16:38:32.339,345.017,4,0,0,23.8,122.147,0.00,0.00,0.00,interval
20260608 16:38:33.356,346.033,4,0,0,27.6,122.147,0.00,0.00,0.00,interval
20260608 16:38:34.357,347.033,4,0,0,31.1,122.147,0.00,0.00,0.00,interval
20260608 16:38:35.373,348.050,4,0,0,31.9,122.147,0.00,0.00,0.00,interval
20260608 16:38:36.373,349.033,4,0,0,35.3,122.147,0.00,0.00,0.00,interval
20260608 16:38:37.389,350.050,4,0,0,39.2,122.147,0.00,0.00,0.00,interval
20260608 16:38:38.390,351.050,4,0,0,41.4,122.147,0.00,0.00,0.00,interval
20260608 16:38:39.390,352.050,4,0,0,44.1,122.147,0.00,0.00,0.00,interval
20260608 16:38:40.390,353.050,4,0,0,47.6,122.147,0.00,0.00,0.00,interval
20260608 16:38:41.390,354.050,4,0,0,50.4,122.147,0.00,0.00,0.00,interval
20260608 16:38:42.407,355.067,4,0,0,53.3,122.147,0.00,0.00,0.00,interval
20260608 16:38:43.423,356.083,4,0,0,55.9,122.147,0.00,0.00,0.00,interval
20260608 16:38:44.424,357.083,4,0,0,58.3,122.147,0.00,0.00,0.00,interval
20260608 16:38:45.440,358.100,4,0,0,60.4,122.147,0.00,0.00,0.00,interval
20260608 16:38:46.456,359.133,4,0,0,56.1,122.147,0.00,0.00,0.00,interval
20260608 16:38:47.456,360.133,4,0,0,44.4,122.147,0.00,0.00,0.00,interval
20260608 16:38:48.473,361.150,4,0,0,44.3,122.147,0.00,0.00,0.00,interval
20260608 16:38:49.473,362.150,4,0,0,45.5,122.147,0.00,0.00,0.00,interval
20260608 16:38:50.489,363.167,4,0,0,43.9,122.147,0.00,0.00,0.00,interval
20260608 16:38:51.489,364.167,4,0,0,35.7,122.147,0.00,0.00,0.00,interval
20260608 16:38:52.490,365.167,4,0,0,37.3,122.147,0.00,0.00,0.00,interval
20260608 16:38:53.506,366.183,4,0,0,40.8,122.147,0.00,0.00,0.00,interval
20260608 16:38:54.522,367.200,4,0,0,45.1,122.147,0.00,0.00,0.00,interval
20260608 16:38:55.523,368.200,4,0,0,48.0,122.147,0.00,0.00,0.00,interval
20260608 16:38:56.539,369.200,4,0,0,42.8,122.147,0.00,0.00,0.00,interval
20260608 16:38:57.548,370.200,4,0,0,38.2,122.147,0.00,0.00,0.00,interval
20260608 16:38:58.549,371.200,4,0,0,33.5,122.147,0.00,0.00,0.00,interval
20260608 16:38:59.555,372.217,4,0,0,31.0,122.147,0.00,0.00,0.00,interval
20260608 16:39:00.556,373.217,4,0,0,29.9,122.147,0.00,0.00,0.00,interval
20260608 16:39:01.572,374.233,4,0,0,25.4,122.147,0.00,0.00,0.00,interval
20260608 16:39:02.572,375.233,4,0,0,23.7,122.147,0.00,0.00,0.00,interval
20260608 16:39:03.573,376.233,4,0,0,28.4,122.147,0.00,0.00,0.00,interval
20260608 16:39:04.588,377.250,4,0,0,34.7,122.147,0.00,0.00,0.00,interval
20260608 16:39:05.588,378.250,4,0,0,39.6,122.147,0.00,0.00,0.00,interval
20260608 16:39:06.589,379.250,4,0,0,44.2,122.147,0.00,0.00,0.00,interval
20260608 16:39:07.589,380.250,4,0,0,48.0,122.147,0.00,0.00,0.00,interval
20260608 16:39:08.589,381.250,4,0,0,51.2,122.147,0.00,0.00,0.00,interval
20260608 16:39:09.606,382.267,4,0,0,54.1,122.147,0.00,0.00,0.00,interval
20260608 16:39:10.607,383.267,4,0,0,56.6,122.147,0.00,0.00,0.00,interval
20260608 16:39:11.607,384.267,4,0,0,58.8,122.147,0.00,0.00,0.00,interval
20260608 16:39:12.623,385.283,4,0,0,60.8,122.147,0.00,0.00,0.00,interval
20260608 16:39:13.639,386.300,4,0,0,62.3,122.147,0.00,0.00,0.00,interval
20260608 16:39:14.641,387.300,4,0,0,63.7,122.147,0.00,0.00,0.00,interval
20260608 16:39:15.657,388.317,4,0,0,65.1,122.147,0.00,0.00,0.00,interval
20260608 16:39:16.673,389.333,4,0,0,66.3,122.147,0.00,0.00,0.00,interval
20260608 16:39:17.673,390.333,4,0,0,67.4,122.147,0.00,0.00,0.00,interval
20260608 16:39:18.674,391.333,4,0,0,68.3,122.147,0.00,0.00,0.00,interval
20260608 16:39:19.674,392.333,4,0,0,69.0,122.147,0.00,0.00,0.00,interval
20260608 16:39:20.690,393.350,4,0,0,69.6,122.147,0.00,0.00,0.00,interval
20260608 16:39:21.706,394.367,4,0,0,70.3,122.147,0.00,0.00,0.00,interval
20260608 16:39:22.706,395.367,4,0,0,71.1,122.147,0.00,0.00,0.00,interval
20260608 16:39:23.707,396.367,4,0,0,71.7,122.147,0.00,0.00,0.00,interval
20260608 16:39:24.723,397.383,4,0,0,71.7,122.147,0.00,0.00,0.00,interval
20260608 16:39:25.723,398.383,4,0,0,53.3,122.147,0.00,0.00,0.00,interval
20260608 16:39:26.739,399.417,4,0,0,35.2,122.147,0.00,0.00,0.00,interval
20260608 16:39:27.741,400.417,4,0,0,25.3,122.147,0.00,0.00,0.00,interval
20260608 16:39:28.756,401.433,4,0,0,21.0,122.147,0.00,0.00,0.00,interval
20260608 16:39:29.772,402.450,4,0,0,20.2,122.147,0.00,0.00,0.00,interval
20260608 16:39:30.773,403.450,4,0,0,24.5,122.147,0.00,0.00,0.00,interval
20260608 16:39:31.773,404.450,4,0,0,27.8,122.147,0.00,0.00,0.00,interval
20260608 16:39:32.790,405.467,4,0,0,26.9,122.147,0.00,0.00,0.00,interval
20260608 16:39:33.805,406.483,4,0,0,24.5,122.147,0.00,0.00,0.00,interval
20260608 16:39:34.823,407.500,4,0,0,26.5,122.147,0.00,0.00,0.00,interval
20260608 16:39:35.823,408.500,4,0,0,23.8,122.147,0.00,0.00,0.00,interval
20260608 16:39:36.838,409.517,4,0,0,26.2,122.147,0.00,0.00,0.00,interval
20260608 16:39:37.839,410.517,4,0,0,30.0,122.147,0.00,0.00,0.00,interval
20260608 16:39:38.840,411.517,4,0,0,29.1,122.147,0.00,0.00,0.00,interval
20260608 16:39:39.857,412.533,4,0,0,29.4,122.147,0.00,0.00,0.00,interval
20260608 16:39:40.873,413.550,4,0,0,19.3,122.147,0.00,0.00,0.00,interval
20260608 16:39:41.873,414.550,4,0,0,18.6,122.147,0.00,0.00,0.00,interval
20260608 16:39:42.890,415.567,4,0,0,22.3,122.147,0.00,0.00,0.00,interval
20260608 16:39:43.906,416.583,4,0,0,23.9,122.147,0.00,0.00,0.00,interval
20260608 16:39:44.907,417.583,4,0,0,24.4,122.147,0.00,0.00,0.00,interval
20260608 16:39:45.922,418.600,4,0,0,17.9,122.147,0.00,0.00,0.00,interval
20260608 16:39:46.924,419.600,4,0,0,16.5,122.147,0.00,0.00,0.00,interval
20260608 16:39:47.924,420.600,4,0,0,21.3,122.147,0.00,0.00,0.00,interval
20260608 16:39:48.924,421.600,4,0,0,27.8,122.147,0.00,0.00,0.00,interval
20260608 16:39:49.939,422.617,4,0,0,34.5,122.147,0.00,0.00,0.00,interval
20260608 16:39:50.939,423.617,4,0,0,39.6,122.147,0.00,0.00,0.00,interval
20260608 16:39:51.940,424.617,4,0,0,44.1,122.147,0.00,0.00,0.00,interval
20260608 16:39:52.940,425.617,4,0,0,47.9,122.147,0.00,0.00,0.00,interval
20260608 16:39:53.957,426.633,4,0,0,51.2,122.147,0.00,0.00,0.00,interval
20260608 16:39:54.973,427.650,4,0,0,54.1,122.147,0.00,0.00,0.00,interval
20260608 16:39:55.974,428.650,4,0,0,56.7,122.147,0.00,0.00,0.00,interval
20260608 16:39:56.990,429.667,4,0,0,59.0,122.147,0.00,0.00,0.00,interval
20260608 16:39:58.007,430.683,4,0,0,60.9,122.147,0.00,0.00,0.00,interval
20260608 16:39:59.007,431.683,4,0,0,62.6,122.147,0.00,0.00,0.00,interval
20260608 16:40:00.007,432.683,4,0,0,64.2,122.147,0.00,0.00,0.00,interval
20260608 16:40:01.023,433.700,4,0,0,65.6,122.147,0.00,0.00,0.00,interval
20260608 16:40:02.023,434.700,4,0,0,66.8,122.147,0.00,0.00,0.00,interval
20260608 16:40:03.024,435.700,4,0,0,67.9,122.147,0.00,0.00,0.00,interval
20260608 16:40:04.040,436.717,4,0,0,68.9,122.147,0.00,0.00,0.00,interval
20260608 16:40:05.055,437.733,4,0,0,69.6,122.147,0.00,0.00,0.00,interval
20260608 16:40:06.056,438.733,4,0,0,70.4,122.147,0.00,0.00,0.00,interval
20260608 16:40:07.072,439.750,4,0,0,71.1,122.147,0.00,0.00,0.00,interval
20260608 16:40:08.073,440.750,4,0,0,69.5,122.147,0.00,0.00,0.00,interval
20260608 16:40:09.090,441.767,4,0,0,49.1,122.147,0.00,0.00,0.00,interval
20260608 16:40:10.106,442.783,4,0,0,32.8,122.147,0.00,0.00,0.00,interval
20260608 16:40:11.122,443.800,4,0,0,23.3,122.147,0.00,0.00,0.00,interval
20260608 16:40:12.140,444.800,4,0,0,18.3,122.147,0.00,0.00,0.00,interval
20260608 16:40:13.156,445.817,4,0,0,17.3,122.147,0.00,0.00,0.00,interval
20260608 16:40:14.173,446.833,4,0,0,20.5,122.147,0.00,0.00,0.00,interval
20260608 16:40:15.173,447.833,4,0,0,26.5,122.147,0.00,0.00,0.00,interval
20260608 16:40:16.188,448.850,4,0,0,33.0,122.147,0.00,0.00,0.00,interval
20260608 16:40:17.190,449.850,4,0,0,38.1,122.147,0.00,0.00,0.00,interval
20260608 16:40:18.207,450.867,4,0,0,42.4,122.147,0.00,0.00,0.00,interval
20260608 16:40:19.207,451.867,4,0,0,46.1,122.147,0.00,0.00,0.00,interval
20260608 16:40:20.224,452.883,4,0,0,49.8,122.147,0.00,0.00,0.00,interval
20260608 16:40:21.240,453.900,4,0,0,52.6,122.147,0.00,0.00,0.00,interval
20260608 16:40:22.258,454.917,4,0,0,55.2,122.147,0.00,0.00,0.00,interval
20260608 16:40:23.274,455.933,4,0,0,57.4,122.147,0.00,0.00,0.00,interval
20260608 16:40:24.274,456.933,4,0,0,59.3,122.147,0.00,0.00,0.00,interval
20260608 16:40:25.290,457.950,4,0,0,61.0,120.856,0.00,0.00,0.00,interval
20260608 16:40:26.307,458.967,4,0,0,62.6,120.856,0.00,0.00,0.00,interval
20260608 16:40:27.324,459.983,4,0,0,64.2,120.856,0.00,0.00,0.00,interval
20260608 16:40:28.339,461.000,4,0,0,65.5,120.856,0.00,0.00,0.00,interval
20260608 16:40:29.340,462.000,4,0,0,49.0,120.856,0.00,0.00,0.00,interval
20260608 16:40:30.357,463.017,4,0,0,32.8,120.856,0.00,0.00,0.00,interval
20260608 16:40:31.373,464.033,4,0,0,27.5,120.856,0.00,0.00,0.00,interval
20260608 16:40:32.389,465.050,4,0,0,20.5,120.856,0.00,0.00,0.00,interval
20260608 16:40:33.389,466.050,4,0,0,21.9,120.856,0.00,0.00,0.00,interval
20260608 16:40:34.391,467.050,4,0,0,26.6,120.856,0.00,0.00,0.00,interval
20260608 16:40:35.406,468.067,4,0,0,29.5,120.856,0.00,0.00,0.00,interval
20260608 16:40:36.406,469.067,4,0,0,31.2,120.856,0.00,0.00,0.00,interval
20260608 16:40:37.407,470.067,4,0,0,35.2,120.856,0.00,0.00,0.00,interval
20260608 16:40:38.407,471.067,4,0,0,37.2,120.856,0.00,0.00,0.00,interval
20260608 16:40:39.423,472.083,4,0,0,37.9,120.856,0.00,0.00,0.00,interval
20260608 16:40:40.423,473.083,4,0,0,40.3,120.856,0.00,0.00,0.00,interval
20260608 16:40:41.423,474.083,4,0,0,44.4,120.856,0.00,0.00,0.00,interval
20260608 16:40:42.439,475.117,4,0,0,48.0,120.856,0.00,0.00,0.00,interval
20260608 16:40:43.458,476.133,4,0,0,51.0,120.856,0.00,0.00,0.00,interval
20260608 16:40:44.473,477.150,4,0,0,53.9,120.856,0.00,0.00,0.00,interval
20260608 16:40:45.473,478.150,4,0,0,56.4,120.856,0.00,0.00,0.00,interval
20260608 16:40:46.490,479.167,4,0,0,58.8,120.856,0.00,0.00,0.00,interval
20260608 16:40:47.506,480.183,4,0,0,60.8,120.856,0.00,0.00,0.00,interval
20260608 16:40:48.507,481.183,4,0,0,48.5,120.856,0.00,0.00,0.00,interval
20260608 16:40:49.523,482.200,4,0,0,41.8,120.856,0.00,0.00,0.00,interval
20260608 16:40:50.525,483.200,4,0,0,44.0,120.856,0.00,0.00,0.00,interval
20260608 16:40:51.540,484.217,4,0,0,45.8,120.856,0.00,0.00,0.00,interval
20260608 16:40:52.555,485.233,4,0,0,37.1,120.856,0.00,0.00,0.00,interval
20260608 16:40:53.556,486.233,4,0,0,37.7,120.856,0.00,0.00,0.00,interval
20260608 16:40:54.557,487.233,4,0,0,39.4,120.856,0.00,0.00,0.00,interval
20260608 16:40:55.557,488.233,4,0,0,43.2,120.856,0.00,0.00,0.00,interval
20260608 16:40:56.573,489.250,4,0,0,44.9,120.856,0.00,0.00,0.00,interval
20260608 16:40:57.574,490.250,4,0,0,42.1,120.856,0.00,0.00,0.00,interval
20260608 16:40:58.591,491.267,4,0,0,37.3,120.856,0.00,0.00,0.00,interval
20260608 16:40:59.606,492.283,4,0,0,34.5,120.856,0.00,0.00,0.00,interval
20260608 16:41:00.607,493.283,4,0,0,31.8,120.856,0.00,0.00,0.00,interval
20260608 16:41:01.624,494.300,4,0,0,27.8,120.856,0.00,0.00,0.00,interval
20260608 16:41:02.640,495.317,4,0,0,28.2,120.856,0.00,0.00,0.00,interval
20260608 16:41:03.641,496.317,4,0,0,26.1,120.856,0.00,0.00,0.00,interval
20260608 16:41:04.656,497.333,4,0,0,30.6,120.856,0.00,0.00,0.00,interval
20260608 16:41:05.657,498.333,4,0,0,36.6,120.856,0.00,0.00,0.00,interval
20260608 16:41:06.673,499.350,4,0,0,41.3,120.856,0.00,0.00,0.00,interval
20260608 16:41:07.690,500.367,4,0,0,45.7,120.856,0.00,0.00,0.00,interval
20260608 16:41:08.706,501.383,4,0,0,49.4,120.856,0.00,0.00,0.00,interval
20260608 16:41:09.707,502.383,4,0,0,52.4,120.856,0.00,0.00,0.00,interval
20260608 16:41:10.707,503.383,4,0,0,55.1,120.856,0.00,0.00,0.00,interval
20260608 16:41:11.722,504.400,4,0,0,57.5,120.856,0.00,0.00,0.00,interval
20260608 16:41:12.723,505.400,4,0,0,59.7,120.856,0.00,0.00,0.00,interval
20260608 16:41:13.724,506.400,4,0,0,61.3,120.856,0.00,0.00,0.00,interval
20260608 16:41:14.739,507.417,4,0,0,62.9,120.856,0.00,0.00,0.00,interval
20260608 16:41:15.741,508.417,4,0,0,64.3,120.856,0.00,0.00,0.00,interval
20260608 16:41:16.756,509.433,4,0,0,65.6,120.856,0.00,0.00,0.00,interval
20260608 16:41:17.757,510.433,4,0,0,66.7,120.856,0.00,0.00,0.00,interval
20260608 16:41:18.773,511.450,4,0,0,67.8,120.856,0.00,0.00,0.00,interval
20260608 16:41:19.773,512.450,4,0,0,68.7,120.856,0.00,0.00,0.00,interval
20260608 16:41:20.790,513.467,4,0,0,69.2,120.856,0.00,0.00,0.00,interval
20260608 16:41:21.791,514.467,4,0,0,69.9,120.856,0.00,0.00,0.00,interval
20260608 16:41:22.791,515.467,4,0,0,70.6,120.856,0.00,0.00,0.00,interval
20260608 16:41:23.806,516.483,4,0,0,71.4,120.856,0.00,0.00,0.00,interval
20260608 16:41:24.807,517.483,4,0,0,72.0,120.856,0.00,0.00,0.00,interval
20260608 16:41:25.822,518.500,4,0,0,71.3,120.856,0.00,0.00,0.00,interval
20260608 16:41:26.822,519.500,4,0,0,50.8,120.856,0.00,0.00,0.00,interval
20260608 16:41:27.824,520.500,4,0,0,33.8,120.856,0.00,0.00,0.00,interval
20260608 16:41:28.840,521.517,4,0,0,23.8,120.856,0.00,0.00,0.00,interval
20260608 16:41:29.856,522.533,4,0,0,19.2,120.856,0.00,0.00,0.00,interval
20260608 16:41:30.857,523.533,4,0,0,21.6,120.856,0.00,0.00,0.00,interval
20260608 16:41:31.858,524.533,4,0,0,27.0,120.856,0.00,0.00,0.00,interval
20260608 16:41:32.873,525.550,4,0,0,27.0,120.856,0.00,0.00,0.00,interval
20260608 16:41:33.891,526.567,4,0,0,24.7,120.856,0.00,0.00,0.00,interval
20260608 16:41:34.906,527.583,4,0,0,25.5,120.856,0.00,0.00,0.00,interval
20260608 16:41:35.908,528.583,4,0,0,26.2,120.856,0.00,0.00,0.00,interval
20260608 16:41:36.924,529.600,4,0,0,27.9,120.856,0.00,0.00,0.00,interval
20260608 16:41:37.941,530.617,4,0,0,25.8,120.856,0.00,0.00,0.00,interval
20260608 16:41:38.956,531.633,4,0,0,23.1,120.856,0.00,0.00,0.00,interval
20260608 16:41:39.957,532.633,4,0,0,24.2,120.856,0.00,0.00,0.00,interval
20260608 16:41:40.974,533.650,4,0,0,29.1,120.856,0.00,0.00,0.00,interval
20260608 16:41:41.974,534.650,4,0,0,17.2,120.856,0.00,0.00,0.00,interval
20260608 16:41:42.974,535.650,4,0,0,18.5,120.856,0.00,0.00,0.00,interval
20260608 16:41:43.974,536.650,4,0,0,19.4,120.856,0.00,0.00,0.00,interval
20260608 16:41:44.989,537.667,4,0,0,22.2,120.856,0.00,0.00,0.00,interval
20260608 16:41:45.989,538.667,4,0,0,23.7,120.856,0.00,0.00,0.00,interval
20260608 16:41:46.989,539.667,4,0,0,17.6,120.856,0.00,0.00,0.00,interval
20260608 16:41:47.990,540.667,4,0,0,17.4,120.856,0.00,0.00,0.00,interval
20260608 16:41:49.006,541.683,4,0,0,19.3,120.856,0.00,0.00,0.00,interval
20260608 16:41:50.007,542.683,4,0,0,19.0,120.856,0.00,0.00,0.00,interval
20260608 16:41:51.024,543.700,4,0,0,13.7,120.856,0.00,0.00,0.00,interval
20260608 16:41:52.040,544.717,4,0,0,4.8,120.856,0.00,0.00,0.00,interval
20260608 16:41:53.040,545.717,4,0,0,0.5,120.856,0.00,0.00,0.00,interval
20260608 16:41:54.057,546.733,4,0,0,0.0,120.856,0.00,0.00,0.00,interval
20260608 16:41:55.057,547.733,4,0,0,0.0,120.856,0.00,0.00,0.00,interval
20260608 16:41:56.072,548.750,4,0,0,1.3,120.856,0.00,0.00,0.00,interval
20260608 16:41:57.074,549.750,4,0,0,4.6,120.856,0.00,0.00,0.00,interval
20260608 16:41:58.091,550.767,4,0,0,8.9,120.856,0.00,0.00,0.00,interval
20260608 16:41:59.108,551.783,4,0,0,0.2,120.856,0.00,0.00,0.00,interval
20260608 16:42:00.109,552.783,4,0,0,2.2,120.856,0.00,0.00,0.00,interval
20260608 16:42:01.123,553.800,4,0,0,5.0,120.856,0.00,0.00,0.00,interval
20260608 16:42:02.123,554.800,4,0,0,5.8,120.856,0.00,0.00,0.00,interval
20260608 16:42:03.125,555.800,4,0,0,10.7,120.856,0.00,0.00,0.00,interval
20260608 16:42:04.141,556.817,4,0,0,14.3,120.856,0.00,0.00,0.00,interval
20260608 16:42:05.158,557.833,4,0,0,11.8,120.856,0.00,0.00,0.00,interval
20260608 16:42:06.174,558.850,4,0,0,3.9,120.856,0.00,0.00,0.00,interval
20260608 16:42:07.175,559.850,4,0,0,3.5,120.856,0.00,0.00,0.00,interval
20260608 16:42:08.190,560.867,4,0,0,3.1,120.856,0.00,0.00,0.00,interval
20260608 16:42:09.190,561.867,4,0,0,1.0,120.856,0.00,0.00,0.00,interval
20260608 16:42:10.191,562.867,4,0,0,0.0,120.856,0.00,0.00,0.00,interval
20260608 16:42:11.191,563.867,4,0,0,0.0,120.856,0.00,0.00,0.00,interval
20260608 16:42:12.206,564.883,4,0,0,1.4,120.856,0.00,0.00,0.00,interval
20260608 16:42:13.208,565.883,4,0,0,4.4,120.856,0.00,0.00,0.00,interval
20260608 16:42:14.224,566.900,4,0,0,0.4,120.856,0.00,0.00,0.00,interval
20260608 16:42:15.240,567.917,4,0,0,0.0,120.856,0.00,0.00,0.00,interval
20260608 16:42:16.258,568.933,4,0,0,0.0,120.856,0.00,0.00,0.00,interval
20260608 16:42:17.273,569.950,4,0,0,1.6,120.856,0.00,0.00,0.00,interval
20260608 16:42:18.275,570.950,4,0,0,4.6,120.856,0.00,0.00,0.00,interval
20260608 16:42:19.291,571.967,4,0,0,0.7,120.856,0.00,0.00,0.00,interval
20260608 16:42:20.307,572.983,4,0,0,0.0,120.856,0.00,0.00,0.00,interval
20260608 16:42:21.307,573.983,4,0,0,0.0,120.856,0.00,0.00,0.00,interval
20260608 16:42:22.308,574.983,4,0,0,0.0,120.856,0.00,0.00,0.00,interval
20260608 16:42:23.324,576.000,4,0,0,1.0,120.856,0.00,0.00,0.00,interval
20260608 16:42:24.341,577.017,4,0,0,4.5,120.856,0.00,0.00,0.00,interval
20260608 16:42:25.341,578.017,4,0,0,6.6,120.856,0.00,0.00,0.00,interval
20260608 16:42:26.356,579.033,4,0,0,5.9,120.856,0.00,0.00,0.00,interval
20260608 16:42:27.357,580.017,4,0,0,7.0,120.856,0.00,0.00,0.00,interval
20260608 16:42:28.357,581.017,4,0,0,12.4,120.856,0.00,0.00,0.00,interval
20260608 16:42:29.374,582.033,4,0,0,15.0,120.856,0.00,0.00,0.00,interval
20260608 16:42:30.390,583.050,4,0,0,17.0,120.856,0.00,0.00,0.00,interval
20260608 16:42:31.406,584.067,4,0,0,18.6,120.856,0.00,0.00,0.00,interval
20260608 16:42:32.407,585.067,4,0,0,20.0,120.856,0.00,0.00,0.00,interval
20260608 16:42:33.407,586.067,4,0,0,21.0,120.856,0.00,0.00,0.00,interval
20260608 16:42:34.409,587.067,4,0,0,12.9,120.856,0.00,0.00,0.00,interval
20260608 16:42:35.423,588.083,4,0,0,2.7,120.856,0.00,0.00,0.00,interval
20260608 16:42:36.425,589.083,4,0,0,2.9,120.856,0.00,0.00,0.00,interval
20260608 16:42:37.441,590.100,4,0,0,4.4,120.856,0.00,0.00,0.00,interval
20260608 16:42:38.457,591.117,4,0,0,6.7,120.856,0.00,0.00,0.00,interval
20260608 16:42:39.458,592.117,4,0,0,9.5,120.856,0.00,0.00,0.00,interval
20260608 16:42:40.473,593.133,4,0,0,12.6,120.856,0.00,0.00,0.00,interval
20260608 16:42:41.474,594.133,4,0,0,14.9,120.856,0.00,0.00,0.00,interval
20260608 16:42:42.474,595.133,4,0,0,16.7,120.856,0.00,0.00,0.00,interval
20260608 16:42:43.474,596.133,4,0,0,18.4,120.856,0.00,0.00,0.00,interval
20260608 16:42:44.474,597.133,4,0,0,16.8,120.856,0.00,0.00,0.00,interval
20260608 16:42:45.491,598.150,4,0,0,14.9,120.856,0.00,0.00,0.00,interval
20260608 16:42:46.491,599.150,4,0,0,14.6,120.856,0.00,0.00,0.00,interval
20260608 16:42:47.508,600.167,4,0,0,14.8,120.856,0.00,0.00,0.00,interval
20260608 16:42:48.524,601.183,4,0,0,15.2,120.856,0.00,0.00,0.00,interval
20260608 16:42:49.541,602.200,4,0,0,15.7,120.856,0.00,0.00,0.00,interval
20260608 16:42:50.557,603.217,4,0,0,16.1,120.856,0.00,0.00,0.00,interval
20260608 16:42:51.558,604.217,4,0,0,16.5,120.856,0.00,0.00,0.00,interval
20260608 16:42:52.574,605.233,4,0,0,16.8,120.856,0.00,0.00,0.00,interval
20260608 16:42:53.591,606.250,4,0,0,17.0,120.856,0.00,0.00,0.00,interval
20260608 16:42:54.606,607.267,4,0,0,17.0,120.856,0.00,0.00,0.00,interval
20260608 16:42:55.607,608.267,4,0,0,17.2,120.856,0.00,0.00,0.00,interval
20260608 16:42:56.625,609.283,4,0,0,17.2,120.856,0.00,0.00,0.00,interval
20260608 16:42:57.640,610.317,4,0,0,15.5,120.856,0.00,0.00,0.00,interval
20260608 16:42:58.657,611.333,4,0,0,14.2,120.856,0.00,0.00,0.00,interval
20260608 16:42:59.674,612.350,4,0,0,14.0,120.856,0.00,0.00,0.00,interval
20260608 16:43:00.689,613.367,4,0,0,14.9,120.856,0.00,0.00,0.00,interval
20260608 16:43:01.690,614.367,4,0,0,15.9,120.856,0.00,0.00,0.00,interval
20260608 16:43:02.691,615.367,4,0,0,16.8,120.856,0.00,0.00,0.00,interval
20260608 16:43:03.708,616.383,4,0,0,17.6,120.856,0.00,0.00,0.00,interval
20260608 16:43:04.724,617.400,4,0,0,18.1,120.856,0.00,0.00,0.00,interval
20260608 16:43:05.740,618.417,4,0,0,18.3,120.856,0.00,0.00,0.00,interval
20260608 16:43:06.757,619.433,4,0,0,18.1,120.856,0.00,0.00,0.00,interval
20260608 16:43:07.773,620.450,4,0,0,18.1,120.856,0.00,0.00,0.00,interval
20260608 16:43:08.790,621.467,4,0,0,18.0,120.856,0.00,0.00,0.00,interval
20260608 16:43:09.791,622.467,4,0,0,17.9,120.856,0.00,0.00,0.00,interval
20260608 16:43:10.791,623.467,4,0,0,17.9,120.856,0.00,0.00,0.00,interval
20260608 16:43:11.808,624.483,4,0,0,17.8,120.856,0.00,0.00,0.00,interval
20260608 16:43:12.824,625.500,4,0,0,17.8,120.856,0.00,0.00,0.00,interval
20260608 16:43:13.824,626.500,4,0,0,17.9,120.856,0.00,0.00,0.00,interval
20260608 16:43:14.841,627.517,4,0,0,18.0,120.856,0.00,0.00,0.00,interval
20260608 16:43:15.857,628.533,4,0,0,18.2,120.856,0.00,0.00,0.00,interval
20260608 16:43:16.875,629.550,4,0,0,18.3,120.856,0.00,0.00,0.00,interval
20260608 16:43:17.891,630.567,4,0,0,18.5,120.856,0.00,0.00,0.00,interval
20260608 16:43:18.891,631.567,4,0,0,18.6,120.856,0.00,0.00,0.00,interval
20260608 16:43:19.907,632.583,4,0,0,13.8,120.856,0.00,0.00,0.00,interval
20260608 16:43:20.908,633.583,4,0,0,8.1,120.856,0.00,0.00,0.00,interval
20260608 16:43:21.924,634.600,4,0,0,8.9,120.856,0.00,0.00,0.00,interval
20260608 16:43:22.924,635.600,4,0,0,10.5,120.856,0.00,0.00,0.00,interval
20260608 16:43:23.925,636.600,4,0,0,12.8,120.856,0.00,0.00,0.00,interval
20260608 16:43:24.940,637.617,4,0,0,15.5,120.856,0.00,0.00,0.00,interval
20260608 16:43:25.958,638.633,4,0,0,17.4,120.856,0.00,0.00,0.00,interval
20260608 16:43:26.974,639.650,4,0,0,17.3,120.856,0.00,0.00,0.00,interval
20260608 16:43:27.974,640.650,4,0,0,17.1,120.856,0.00,0.00,0.00,interval
20260608 16:43:28.992,641.667,4,0,0,17.3,120.856,0.00,0.00,0.00,interval
20260608 16:43:30.007,642.683,4,0,0,17.5,120.856,0.00,0.00,0.00,interval
20260608 16:43:31.007,643.683,4,0,0,17.8,120.856,0.00,0.00,0.00,interval
20260608 16:43:32.007,644.683,4,0,0,18.1,120.856,0.00,0.00,0.00,interval
20260608 16:43:33.023,645.700,4,0,0,18.3,120.856,0.00,0.00,0.00,interval
20260608 16:43:34.023,646.700,4,0,0,18.5,120.856,0.00,0.00,0.00,interval
20260608 16:43:35.024,647.700,4,0,0,18.7,120.856,0.00,0.00,0.00,interval
20260608 16:43:36.040,648.717,4,0,0,18.9,120.856,0.00,0.00,0.00,interval
20260608 16:43:37.042,649.717,4,0,0,19.1,120.856,0.00,0.00,0.00,interval
20260608 16:43:38.057,650.733,4,0,0,19.3,120.856,0.00,0.00,0.00,interval
20260608 16:43:39.073,651.750,4,0,0,18.4,120.856,0.00,0.00,0.00,interval
20260608 16:43:40.073,652.750,4,0,0,16.2,120.856,0.00,0.00,0.00,interval
20260608 16:43:41.074,653.750,4,0,0,12.6,120.856,0.00,0.00,0.00,interval
20260608 16:43:42.090,654.767,4,0,0,10.5,120.856,0.00,0.00,0.00,interval
20260608 16:43:43.107,655.783,4,0,0,8.8,120.856,0.00,0.00,0.00,interval
20260608 16:43:44.125,656.800,4,0,0,8.3,120.856,0.00,0.00,0.00,interval
20260608 16:43:45.141,657.817,4,0,0,7.9,120.856,0.00,0.00,0.00,interval
20260608 16:43:46.142,658.817,4,0,0,8.2,120.856,0.00,0.00,0.00,interval
20260608 16:43:47.142,659.817,4,0,0,9.0,120.856,0.00,0.00,0.00,interval
20260608 16:43:48.157,660.833,4,0,0,9.7,120.856,0.00,0.00,0.00,interval
20260608 16:43:49.175,661.850,4,0,0,10.2,120.856,0.00,0.00,0.00,interval
20260608 16:43:50.191,662.867,4,0,0,10.8,120.856,0.00,0.00,0.00,interval
20260608 16:43:51.192,663.867,4,0,0,12.1,120.856,0.00,0.00,0.00,interval
20260608 16:43:52.206,664.883,4,0,0,13.9,120.856,0.00,0.00,0.00,interval
20260608 16:43:53.208,665.883,4,0,0,15.8,120.856,0.00,0.00,0.00,interval
20260608 16:43:54.224,666.900,4,0,0,17.4,120.856,0.00,0.00,0.00,interval
20260608 16:43:55.240,667.917,4,0,0,17.8,120.856,0.00,0.00,0.00,interval
20260608 16:43:56.241,668.917,4,0,0,15.8,120.856,0.00,0.00,0.00,interval
20260608 16:43:57.241,669.917,4,0,0,16.1,120.856,0.00,0.00,0.00,interval
20260608 16:43:58.241,670.917,4,0,0,16.4,120.856,0.00,0.00,0.00,interval
20260608 16:43:59.257,671.933,4,0,0,15.3,120.856,0.00,0.00,0.00,interval
20260608 16:44:00.274,672.950,4,0,0,15.0,120.856,0.00,0.00,0.00,interval
20260608 16:44:01.275,673.950,4,0,0,15.6,120.856,0.00,0.00,0.00,interval
20260608 16:44:02.291,674.967,4,0,0,16.4,120.856,0.00,0.00,0.00,interval
20260608 16:44:03.308,675.983,4,0,0,17.4,120.856,0.00,0.00,0.00,interval
20260608 16:44:04.324,677.000,4,0,0,18.4,120.856,0.00,0.00,0.00,interval
20260608 16:44:05.324,678.000,4,0,0,19.1,120.856,0.00,0.00,0.00,interval
20260608 16:44:06.341,679.017,4,0,0,19.6,120.856,0.00,0.00,0.00,interval
20260608 16:44:07.357,680.033,4,0,0,18.9,120.856,0.00,0.00,0.00,interval
20260608 16:44:08.374,681.050,4,0,0,16.3,120.856,0.00,0.00,0.00,interval
20260608 16:44:09.374,682.050,4,0,0,14.4,120.856,0.00,0.00,0.00,interval
20260608 16:44:10.374,683.050,4,0,0,13.0,120.856,0.00,0.00,0.00,interval
20260608 16:44:11.391,684.067,4,0,0,11.9,120.856,0.00,0.00,0.00,interval
20260608 16:44:12.407,685.083,4,0,0,11.0,120.856,0.00,0.00,0.00,interval
20260608 16:44:13.424,686.100,4,0,0,10.2,120.856,0.00,0.00,0.00,interval
20260608 16:44:14.223,686.900,4,1,0,10.2,120.856,0.00,0.00,0.00,change
20260608 16:44:15.224,687.900,4,1,0,10.4,120.856,0.00,0.00,0.00,interval
20260608 16:44:16.224,688.900,4,1,0,10.7,120.856,0.00,0.00,0.00,interval
20260608 16:44:17.241,689.917,4,1,0,11.1,120.856,0.00,0.00,0.00,interval
20260608 16:44:18.256,690.933,4,1,0,11.6,120.856,0.00,0.00,0.00,interval
20260608 16:44:19.257,691.933,4,1,0,12.1,120.856,0.00,0.00,0.00,interval
20260608 16:44:20.258,692.933,4,1,0,12.6,234.996,0.00,0.00,0.00,interval
20260608 16:44:21.275,693.950,4,1,0,13.1,234.996,0.00,0.00,0.00,interval
20260608 16:44:22.291,694.967,4,1,0,13.6,234.996,0.00,0.00,0.00,interval
20260608 16:44:23.291,695.967,4,1,0,14.2,234.996,0.00,0.00,0.00,interval
20260608 16:44:24.292,696.967,4,1,0,14.7,234.996,0.00,0.00,0.00,interval
20260608 16:44:25.292,697.967,4,1,0,15.3,234.996,0.00,0.00,0.00,interval
20260608 16:44:26.292,698.967,4,1,0,15.8,234.996,0.00,0.00,0.00,interval
20260608 16:44:27.292,699.967,4,1,0,16.4,234.996,0.00,0.00,0.00,interval
20260608 16:44:28.306,700.983,4,1,0,16.7,234.996,0.00,0.00,0.00,interval
20260608 16:44:29.306,701.983,4,1,0,16.9,234.996,0.00,0.00,0.00,interval
20260608 16:44:30.307,702.983,4,1,0,16.8,234.996,0.00,0.00,0.00,interval
20260608 16:44:31.308,703.983,4,1,0,15.8,234.996,0.00,0.00,0.00,interval
20260608 16:44:32.326,705.000,4,1,0,13.3,234.996,0.00,0.00,0.00,interval
20260608 16:44:33.341,706.017,4,1,0,10.0,234.996,0.00,0.00,0.00,interval
20260608 16:44:34.357,707.033,4,1,0,7.3,234.996,0.00,0.00,0.00,interval
20260608 16:44:35.376,708.050,4,1,0,6.6,234.996,0.00,0.00,0.00,interval
20260608 16:44:36.391,709.067,4,1,0,3.2,234.996,0.00,0.00,0.00,interval
20260608 16:44:36.740,709.417,4,1,0,0.1,234.996,0.00,521.92,0.00,change
20260608 16:44:36.990,709.650,4,1,1,0.0,234.996,0.00,521.92,0.00,change
20260608 16:44:37.991,710.650,4,1,1,0.0,234.996,0.00,521.92,0.00,interval
20260608 16:44:39.008,711.667,4,1,1,0.0,234.996,0.00,521.92,0.00,interval
20260608 16:44:40.023,712.683,4,1,1,0.0,234.996,0.00,521.92,0.00,interval
20260608 16:44:41.023,713.683,4,1,1,0.0,234.996,0.00,521.92,0.00,interval
20260608 16:44:42.040,714.700,4,1,1,0.0,234.996,0.00,521.92,0.00,interval
20260608 16:44:43.040,715.700,4,1,1,0.0,234.996,0.00,521.92,0.00,interval
20260608 16:44:44.057,716.717,4,1,1,0.0,234.996,0.00,521.92,0.00,interval
20260608 16:44:45.073,717.733,4,1,1,0.0,234.996,0.00,521.92,0.00,interval
20260608 16:44:46.073,718.733,4,1,1,0.0,234.996,0.00,521.92,0.00,interval
20260608 16:44:47.074,719.733,4,1,1,0.0,234.996,0.00,521.92,0.00,interval
20260608 16:44:48.090,720.750,4,1,1,0.0,234.996,0.00,521.92,0.00,interval
20260608 16:44:49.107,721.767,4,1,1,0.0,234.996,0.00,521.92,0.00,interval
20260608 16:44:50.123,722.783,4,1,1,0.0,234.996,0.00,521.92,0.00,interval
20260608 16:44:51.124,723.783,4,1,1,0.0,234.996,0.00,521.92,0.00,interval
20260608 16:44:52.140,724.800,4,1,1,0.0,234.996,0.00,521.92,0.00,interval
20260608 16:44:53.140,725.800,4,1,1,0.0,234.996,0.00,521.92,0.00,interval
20260608 16:44:54.141,726.800,4,1,1,0.0,234.996,0.00,521.92,0.00,interval
20260608 16:44:55.141,727.800,4,1,1,0.0,234.996,0.00,521.92,0.00,interval
20260608 16:44:56.157,728.817,4,1,1,0.0,234.996,0.00,521.92,0.00,interval
20260608 16:44:56.523,729.183,4,1,1,0.0,234.996,0.00,521.87,0.00,change
20260608 16:44:56.675,729.333,4,1,1,0.0,234.996,0.00,521.82,0.00,change
20260608 16:44:56.824,729.483,4,1,1,0.0,234.996,0.00,521.77,0.00,change
20260608 16:44:56.924,729.583,4,1,1,0.0,234.996,0.00,521.72,0.00,change
20260608 16:44:57.007,729.667,4,1,1,0.0,234.996,0.00,521.66,0.00,change
20260608 16:44:57.090,729.750,4,1,1,0.0,234.996,0.00,521.60,0.00,change
20260608 16:44:57.174,729.833,4,1,1,0.0,234.996,0.00,521.55,0.00,change
20260608 16:44:57.257,729.917,4,1,1,0.0,234.996,0.00,521.49,0.00,change
20260608 16:44:57.341,730.000,4,1,1,0.0,234.996,0.00,521.44,0.00,change
20260608 16:44:57.425,730.083,4,1,1,0.0,234.996,0.00,521.38,0.00,change
20260608 16:44:57.507,730.167,4,1,1,0.0,234.996,0.00,521.32,0.00,change
20260608 16:44:57.592,730.250,4,1,1,0.0,234.996,0.00,521.27,0.00,change
20260608 16:44:57.675,730.333,4,1,1,0.0,234.996,0.00,521.21,0.00,change
20260608 16:44:57.758,730.417,4,1,1,0.0,234.996,0.00,521.16,0.00,change
20260608 16:44:57.841,730.500,4,1,1,0.0,234.996,0.00,521.10,0.00,change
20260608 16:44:57.924,730.583,4,1,1,0.0,234.996,0.00,521.04,0.00,change
20260608 16:44:58.008,730.667,4,1,1,0.0,234.996,0.00,520.99,0.00,change
20260608 16:44:58.091,730.750,4,1,1,0.0,234.996,0.00,520.93,0.00,change
20260608 16:44:58.174,730.833,4,1,1,0.0,234.996,0.00,520.88,0.00,change
20260608 16:44:58.257,730.917,4,1,1,0.0,234.996,0.00,520.82,0.00,change
20260608 16:44:58.341,731.000,4,1,1,0.0,234.996,0.00,520.76,0.00,change
20260608 16:44:58.424,731.083,4,1,1,0.0,234.996,0.00,520.71,0.00,change
20260608 16:44:58.507,731.167,4,1,1,0.0,234.996,0.00,520.65,0.00,change
20260608 16:44:58.593,731.250,4,1,1,0.0,234.996,0.00,520.59,0.00,change
20260608 16:44:58.676,731.333,4,1,1,0.0,234.996,0.00,520.54,0.00,change
20260608 16:44:58.758,731.417,4,1,1,0.0,234.996,0.00,520.48,0.00,change
20260608 16:44:58.842,731.500,4,1,1,0.0,234.996,0.00,520.43,0.00,change
20260608 16:44:58.925,731.583,4,1,1,0.0,234.996,0.00,520.37,0.00,change
20260608 16:44:59.009,731.667,4,1,1,0.0,234.996,0.00,520.31,0.00,change
20260608 16:44:59.092,731.750,4,1,1,0.0,234.996,0.00,520.26,0.00,change
20260608 16:44:59.175,731.833,4,1,1,0.0,234.996,0.00,520.20,0.00,change
20260608 16:44:59.257,731.917,4,1,1,0.0,234.996,0.00,520.15,0.00,change
20260608 16:44:59.341,732.000,4,1,1,0.0,234.996,0.00,520.09,0.00,change
20260608 16:44:59.424,732.083,4,1,1,0.0,234.996,0.00,520.03,0.00,change
20260608 16:44:59.508,732.167,4,1,1,0.0,234.996,0.00,519.98,0.00,change
20260608 16:44:59.591,732.250,4,1,1,0.0,234.996,0.00,519.92,0.00,change
20260608 16:44:59.674,732.333,4,1,1,0.0,234.996,0.00,519.87,0.00,change
20260608 16:44:59.757,732.417,4,1,1,0.0,234.996,0.00,519.81,0.00,change
20260608 16:44:59.843,732.500,4,1,1,0.0,234.996,0.00,519.75,0.00,change
20260608 16:44:59.925,732.583,4,1,1,0.0,234.996,0.00,519.70,0.00,change
20260608 16:45:00.007,732.667,4,1,1,0.0,234.996,0.00,519.64,0.00,change
20260608 16:45:00.091,732.750,4,1,1,0.0,234.996,0.00,519.58,0.00,change
20260608 16:45:00.175,732.833,4,1,1,0.0,234.996,0.00,519.53,0.00,change
20260608 16:45:00.259,732.917,4,1,1,0.0,234.996,0.00,519.47,0.00,change
20260608 16:45:00.341,733.000,4,1,1,0.0,234.996,0.00,519.42,0.00,change
20260608 16:45:00.424,733.083,4,1,1,0.0,234.996,0.00,519.36,0.00,change
20260608 16:45:00.507,733.167,4,1,1,0.0,234.996,0.00,519.30,0.00,change
20260608 16:45:00.592,733.250,4,1,1,0.0,234.996,0.00,519.25,0.00,change
20260608 16:45:00.675,733.333,4,1,1,0.0,234.996,0.00,519.19,0.00,change
20260608 16:45:00.757,733.417,4,1,1,0.0,234.996,0.00,519.14,0.00,change
20260608 16:45:00.841,733.500,4,1,1,0.0,234.996,0.00,519.08,0.00,change
20260608 16:45:00.925,733.583,4,1,1,0.0,234.996,0.00,519.02,0.00,change
20260608 16:45:01.008,733.667,4,1,1,0.0,234.996,0.00,518.97,0.00,change
20260608 16:45:01.092,733.750,4,1,1,0.0,234.996,0.00,518.91,0.00,change
20260608 16:45:01.176,733.833,4,1,1,0.0,234.996,0.00,518.86,0.00,change
20260608 16:45:01.257,733.917,4,1,1,0.0,234.996,0.00,518.80,0.00,change
20260608 16:45:01.342,734.000,4,1,1,0.0,234.996,0.00,518.74,0.00,change
20260608 16:45:01.424,734.083,4,1,1,0.0,234.996,0.00,518.69,0.00,change
20260608 16:45:01.507,734.167,4,1,1,0.0,234.996,0.00,518.63,0.00,change
20260608 16:45:01.591,734.250,4,1,1,0.0,234.996,0.00,518.57,0.00,change
20260608 16:45:01.674,734.333,4,1,1,0.0,234.996,0.00,518.52,0.00,change
20260608 16:45:01.757,734.417,4,1,1,0.0,234.996,0.00,518.46,0.00,change
20260608 16:45:01.841,734.500,4,1,1,0.0,234.996,0.00,518.41,0.00,change
20260608 16:45:01.925,734.583,4,1,1,0.0,234.996,0.00,518.35,0.00,change
20260608 16:45:02.008,734.667,4,1,1,0.0,234.996,0.00,518.29,0.00,change
20260608 16:45:02.092,734.750,4,1,1,0.0,234.996,0.00,518.24,0.00,change
20260608 16:45:02.174,734.833,4,1,1,0.0,234.996,0.00,518.18,0.00,change
20260608 16:45:02.258,734.917,4,1,1,0.0,234.996,0.00,518.13,0.00,change
20260608 16:45:02.341,735.000,4,1,1,0.0,234.996,0.00,518.07,0.00,change
20260608 16:45:02.425,735.083,4,1,1,0.0,234.996,0.00,518.01,0.00,change
20260608 16:45:02.508,735.167,4,1,1,0.0,234.996,0.00,517.96,0.00,change
20260608 16:45:02.591,735.250,4,1,1,0.0,234.996,0.00,517.90,0.00,change
20260608 16:45:02.674,735.333,4,1,1,0.0,234.996,0.00,517.85,0.00,change
20260608 16:45:02.757,735.417,4,1,1,0.0,234.996,0.00,517.79,0.00,change
20260608 16:45:02.842,735.500,4,1,1,0.0,234.996,0.00,517.73,0.00,change
20260608 16:45:02.907,735.567,4,1,1,0.0,234.996,0.00,517.68,0.00,change
20260608 16:45:02.957,735.617,4,1,1,0.0,234.996,0.00,517.63,0.00,change
20260608 16:45:03.007,735.667,4,1,1,0.0,234.996,0.00,517.58,0.00,change
20260608 16:45:03.058,735.717,4,1,1,0.0,234.996,0.00,517.53,0.00,change
20260608 16:45:03.108,735.767,4,1,1,0.0,234.996,0.00,517.48,0.00,change
20260608 16:45:03.158,735.817,4,1,1,0.0,234.996,0.00,517.42,0.00,change
20260608 16:45:03.209,735.867,4,1,1,0.0,234.996,0.00,517.37,0.00,change
20260608 16:45:03.259,735.917,4,1,1,0.0,234.996,0.00,517.32,0.00,change
20260608 16:45:03.309,735.967,4,1,1,0.0,234.996,0.00,517.27,0.00,change
20260608 16:45:03.358,736.017,4,1,1,0.0,234.996,0.00,517.22,0.00,change
20260608 16:45:03.409,736.067,4,1,1,0.0,234.996,0.00,517.17,0.00,change
20260608 16:45:03.457,736.117,4,1,1,0.0,234.996,0.00,517.12,0.00,change
20260608 16:45:03.507,736.167,4,1,1,0.0,234.996,0.00,517.07,0.00,change
20260608 16:45:03.558,736.217,4,1,1,0.0,234.996,0.00,517.02,0.00,change
20260608 16:45:03.610,736.267,4,1,1,0.0,234.996,0.00,516.97,0.00,change
20260608 16:45:03.657,736.317,4,1,1,0.0,234.996,0.00,516.92,0.00,change
20260608 16:45:03.707,736.367,4,1,1,0.0,234.996,0.00,516.87,0.00,change
20260608 16:45:03.757,736.417,4,1,1,0.0,234.996,0.00,516.82,0.00,change
20260608 16:45:03.809,736.467,4,1,1,0.0,234.996,0.00,516.77,0.00,change
20260608 16:45:03.857,736.517,4,1,1,0.0,234.996,0.00,516.72,0.00,change
20260608 16:45:03.907,736.567,4,1,1,0.0,234.996,0.00,516.67,0.00,change
20260608 16:45:03.957,736.617,4,1,1,0.0,234.996,0.00,516.62,0.00,change
20260608 16:45:04.008,736.667,4,1,1,0.0,234.996,0.00,516.57,0.00,change
20260608 16:45:04.058,736.717,4,1,1,0.0,234.996,0.00,516.52,0.00,change
20260608 16:45:04.107,736.767,4,1,1,0.0,234.996,0.00,516.47,0.00,change
20260608 16:45:04.159,736.817,4,1,1,0.0,234.996,0.00,516.41,0.00,change
20260608 16:45:04.207,736.867,4,1,1,0.0,234.996,0.00,516.36,0.00,change
20260608 16:45:04.257,736.917,4,1,1,0.0,234.996,0.00,516.31,0.00,change
20260608 16:45:04.308,736.967,4,1,1,0.0,234.996,0.00,516.26,0.00,change
20260608 16:45:04.358,737.017,4,1,1,0.0,234.996,0.00,516.21,0.00,change
20260608 16:45:04.408,737.067,4,1,1,0.0,234.996,0.00,516.16,0.00,change
20260608 16:45:04.458,737.117,4,1,1,0.0,234.996,0.00,516.11,0.00,change
20260608 16:45:04.508,737.167,4,1,1,0.0,234.996,0.00,516.06,0.00,change
20260608 16:45:04.558,737.217,4,1,1,0.0,234.996,0.00,516.01,0.00,change
20260608 16:45:04.608,737.267,4,1,1,0.0,234.996,0.00,515.96,0.00,change
20260608 16:45:04.658,737.317,4,1,1,0.0,234.996,0.00,515.91,0.00,change
20260608 16:45:04.708,737.367,4,1,1,0.0,234.996,0.00,515.86,0.00,change
20260608 16:45:04.757,737.417,4,1,1,0.0,234.996,0.00,515.81,0.00,change
20260608 16:45:04.808,737.467,4,1,1,0.0,234.996,0.00,515.76,0.00,change
20260608 16:45:04.857,737.517,4,1,1,0.0,234.996,0.00,515.71,0.00,change
20260608 16:45:04.908,737.567,4,1,1,0.0,234.996,0.00,515.66,0.00,change
20260608 16:45:04.957,737.617,4,1,1,0.0,234.996,0.00,515.61,0.00,change
20260608 16:45:05.007,737.667,4,1,1,0.0,234.996,0.00,515.56,0.00,change
20260608 16:45:05.057,737.717,4,1,1,0.0,234.996,0.00,515.51,0.00,change
20260608 16:45:05.109,737.767,4,1,1,0.0,234.996,0.00,515.46,0.00,change
20260608 16:45:05.156,737.817,4,1,1,0.0,234.996,0.00,515.40,0.00,change
20260608 16:45:05.208,737.867,4,1,1,0.0,234.996,0.00,515.35,0.00,change
20260608 16:45:05.258,737.917,4,1,1,0.0,234.996,0.00,515.30,0.00,change
20260608 16:45:05.308,737.967,4,1,1,0.0,234.996,0.00,515.25,0.00,change
20260608 16:45:05.358,738.017,4,1,1,0.0,234.996,0.00,515.20,0.00,change
20260608 16:45:05.408,738.067,4,1,1,0.0,234.996,0.00,515.15,0.00,change
20260608 16:45:05.459,738.117,4,1,1,0.0,234.996,0.00,515.10,0.00,change
20260608 16:45:05.509,738.167,4,1,1,0.0,234.996,0.00,515.05,0.00,change
20260608 16:45:05.558,738.217,4,1,1,0.0,234.996,0.00,515.00,0.00,change
20260608 16:45:05.608,738.267,4,1,1,0.0,234.996,0.00,514.95,0.00,change
20260608 16:45:05.658,738.317,4,1,1,0.0,234.996,0.00,514.90,0.00,change
20260608 16:45:05.708,738.367,4,1,1,0.0,234.996,0.00,514.85,0.00,change
20260608 16:45:05.758,738.417,4,1,1,0.0,234.996,0.00,514.80,0.00,change
20260608 16:45:05.809,738.467,4,1,1,0.0,234.996,0.00,514.75,0.00,change
20260608 16:45:05.858,738.517,4,1,1,0.0,234.996,0.00,514.70,0.00,change
20260608 16:45:05.908,738.567,4,1,1,0.0,234.996,0.00,514.65,0.00,change
20260608 16:45:05.957,738.617,4,1,1,0.0,234.996,0.00,514.60,0.00,change
20260608 16:45:06.007,738.667,4,1,1,0.0,234.996,0.00,514.55,0.00,change
20260608 16:45:06.058,738.717,4,1,1,0.0,234.996,0.00,514.50,0.00,change
20260608 16:45:06.108,738.767,4,1,1,0.0,234.996,0.00,514.44,0.00,change
20260608 16:45:06.157,738.817,4,1,1,0.0,234.996,0.00,514.39,0.00,change
20260608 16:45:06.208,738.867,4,1,1,0.0,234.996,0.00,514.34,0.00,change
20260608 16:45:06.258,738.917,4,1,1,0.0,234.996,0.00,514.29,0.00,change
20260608 16:45:06.308,738.967,4,1,1,0.0,234.996,0.00,514.24,0.00,change
20260608 16:45:06.358,739.017,4,1,1,0.0,234.996,0.00,514.19,0.00,change
20260608 16:45:06.408,739.067,4,1,1,0.0,234.996,0.00,514.14,0.00,change
20260608 16:45:06.460,739.117,4,1,1,0.0,234.996,0.00,514.09,0.00,change
20260608 16:45:06.509,739.167,4,1,1,0.0,234.996,0.00,514.04,0.00,change
20260608 16:45:06.557,739.217,4,1,1,0.0,234.996,0.00,513.99,0.00,change
20260608 16:45:06.607,739.267,4,1,1,0.0,234.996,0.00,513.94,0.00,change
20260608 16:45:06.658,739.317,4,1,1,0.0,234.996,0.00,513.89,0.00,change
20260608 16:45:06.708,739.367,4,1,1,0.0,234.996,0.00,513.84,0.00,change
20260608 16:45:06.758,739.417,4,1,1,0.0,234.996,0.00,513.79,0.00,change
20260608 16:45:06.808,739.467,4,1,1,0.0,234.996,0.00,513.74,0.00,change
20260608 16:45:06.857,739.517,4,1,1,0.0,234.996,0.00,513.69,0.00,change
20260608 16:45:06.909,739.567,4,1,1,0.0,234.996,0.00,513.64,0.00,change
20260608 16:45:06.958,739.617,4,1,1,0.0,234.996,0.00,513.59,0.00,change
20260608 16:45:07.008,739.667,4,1,1,0.0,234.996,0.00,513.54,0.00,change
20260608 16:45:07.058,739.717,4,1,1,0.0,234.996,0.00,513.49,0.00,change
20260608 16:45:07.108,739.767,4,1,1,0.0,234.996,0.00,513.43,0.00,change
20260608 16:45:07.159,739.817,4,1,1,0.0,234.996,0.00,513.38,0.00,change
20260608 16:45:07.208,739.867,4,1,1,0.0,234.996,0.00,513.33,0.00,change
20260608 16:45:07.258,739.917,4,1,1,0.0,234.996,0.00,513.28,0.00,change
20260608 16:45:07.308,739.967,4,1,1,0.0,234.996,0.00,513.23,0.00,change
20260608 16:45:07.359,740.017,4,1,1,0.0,234.996,0.00,513.18,0.00,change
20260608 16:45:07.408,740.067,4,1,1,0.0,234.996,0.00,513.13,0.00,change
20260608 16:45:07.457,740.117,4,1,1,0.0,234.996,0.00,513.08,0.00,change
20260608 16:45:07.509,740.167,4,1,1,0.0,234.996,0.00,513.03,0.00,change
20260608 16:45:07.558,740.217,4,1,1,0.0,234.996,0.00,512.98,0.00,change
20260608 16:45:07.608,740.267,4,1,1,0.0,234.996,0.00,512.93,0.00,change
20260608 16:45:07.658,740.317,4,1,1,0.0,234.996,0.00,512.88,0.00,change
20260608 16:45:07.709,740.367,4,1,1,0.0,234.996,0.00,512.83,0.00,change
20260608 16:45:07.758,740.417,4,1,1,0.0,234.996,0.00,512.78,0.00,change
20260608 16:45:07.808,740.467,4,1,1,0.0,234.996,0.00,512.73,0.00,change
20260608 16:45:07.857,740.517,4,1,1,0.0,234.996,0.00,512.68,0.00,change
20260608 16:45:07.908,740.567,4,1,1,0.0,234.996,0.00,512.63,0.00,change
20260608 16:45:07.958,740.617,4,1,1,0.0,234.996,0.00,512.58,0.00,change
20260608 16:45:08.006,740.667,4,1,1,0.0,234.996,0.00,512.53,0.00,change
20260608 16:45:08.056,740.717,4,1,1,0.0,234.996,0.00,512.48,0.00,change
20260608 16:45:08.107,740.767,4,1,1,0.0,234.996,0.00,512.42,0.00,change
20260608 16:45:08.157,740.817,4,1,1,0.0,234.996,0.00,512.37,0.00,change
20260608 16:45:08.209,740.867,4,1,1,0.0,234.996,0.00,512.32,0.00,change
20260608 16:45:08.257,740.917,4,1,1,0.0,234.996,0.00,512.27,0.00,change
20260608 16:45:08.307,740.967,4,1,1,0.0,234.996,0.00,512.22,0.00,change
20260608 16:45:08.358,741.017,4,1,1,0.0,234.996,0.00,512.17,0.00,change
20260608 16:45:08.408,741.067,4,1,1,0.0,234.996,0.00,512.12,0.00,change
20260608 16:45:08.457,741.117,4,1,1,0.0,234.996,0.00,512.07,0.00,change
20260608 16:45:08.509,741.167,4,1,1,0.0,234.996,0.00,512.02,0.00,change
20260608 16:45:08.558,741.217,4,1,1,0.0,234.996,0.00,511.97,0.00,change
20260608 16:45:08.607,741.267,4,1,1,0.0,234.996,0.00,511.92,0.00,change
20260608 16:45:08.659,741.317,4,1,1,0.0,234.996,0.00,511.87,0.00,change
20260608 16:45:08.708,741.367,4,1,1,0.0,234.996,0.00,511.82,0.00,change
20260608 16:45:08.757,741.417,4,1,1,0.0,234.996,0.00,511.77,0.00,change
20260608 16:45:08.809,741.467,4,1,1,0.0,234.996,0.00,511.72,0.00,change
20260608 16:45:08.857,741.517,4,1,1,0.0,234.996,0.00,511.67,0.00,change
20260608 16:45:08.907,741.567,4,1,1,0.0,234.996,0.00,511.62,0.00,change
20260608 16:45:08.958,741.617,4,1,1,0.0,234.996,0.00,511.57,0.00,change
20260608 16:45:09.007,741.667,4,1,1,0.0,234.996,0.00,511.52,0.00,change
20260608 16:45:09.057,741.717,4,1,1,0.0,234.996,0.00,511.47,0.00,change
20260608 16:45:09.110,741.767,4,1,1,0.0,234.996,0.00,511.41,0.00,change
20260608 16:45:09.158,741.817,4,1,1,0.0,234.996,0.00,511.36,0.00,change
20260608 16:45:09.208,741.867,4,1,1,0.0,234.996,0.00,511.31,0.00,change
20260608 16:45:09.257,741.917,4,1,1,0.0,234.996,0.00,511.26,0.00,change
20260608 16:45:09.308,741.967,4,1,1,0.0,234.996,0.00,511.21,0.00,change
20260608 16:45:09.357,742.017,4,1,1,0.0,234.996,0.00,511.16,0.00,change
20260608 16:45:09.407,742.067,4,1,1,0.0,234.996,0.00,511.11,0.00,change
20260608 16:45:09.459,742.117,4,1,1,0.0,234.996,0.00,511.06,0.00,change
20260608 16:45:09.507,742.167,4,1,1,0.0,234.996,0.00,511.01,0.00,change
20260608 16:45:09.558,742.217,4,1,1,0.0,234.996,0.00,510.96,0.00,change
20260608 16:45:09.608,742.267,4,1,1,0.0,234.996,0.00,510.91,0.00,change
20260608 16:45:09.658,742.317,4,1,1,0.0,234.996,0.00,510.86,0.00,change
20260608 16:45:09.709,742.367,4,1,1,0.0,234.996,0.00,510.81,0.00,change
20260608 16:45:09.758,742.417,4,1,1,0.0,234.996,0.00,510.76,0.00,change
20260608 16:45:09.808,742.467,4,1,1,0.0,234.996,0.00,510.71,0.00,change
20260608 16:45:09.858,742.517,4,1,1,0.0,234.996,0.00,510.66,0.00,change
20260608 16:45:09.908,742.567,4,1,1,0.0,234.996,0.00,510.61,0.00,change
20260608 16:45:09.958,742.617,4,1,1,0.0,234.996,0.00,510.56,0.00,change
20260608 16:45:10.008,742.667,4,1,1,0.0,234.996,0.00,510.51,0.00,change
20260608 16:45:10.058,742.717,4,1,1,0.0,234.996,0.00,510.46,0.00,change
20260608 16:45:10.107,742.767,4,1,1,0.0,234.996,0.00,510.40,0.00,change
20260608 16:45:10.157,742.817,4,1,1,0.0,234.996,0.00,510.35,0.00,change
20260608 16:45:10.209,742.867,4,1,1,0.0,234.996,0.00,510.30,0.00,change
20260608 16:45:10.258,742.917,4,1,1,0.0,234.996,0.00,510.25,0.00,change
20260608 16:45:10.308,742.967,4,1,1,0.0,234.996,0.00,510.20,0.00,change
20260608 16:45:10.358,743.017,4,1,1,0.0,234.996,0.00,510.15,0.00,change
20260608 16:45:10.408,743.067,4,1,1,0.0,234.996,0.00,510.10,0.00,change
20260608 16:45:10.457,743.117,4,1,1,0.0,234.996,0.00,510.05,0.00,change
20260608 16:45:10.508,743.167,4,1,1,0.0,234.996,0.00,510.00,0.00,change
20260608 16:45:10.556,743.217,4,1,1,0.0,234.996,0.00,509.95,0.00,change
20260608 16:45:10.608,743.267,4,1,1,0.0,234.996,0.00,509.90,0.00,change
20260608 16:45:10.658,743.317,4,1,1,0.0,234.996,0.00,509.85,0.00,change
20260608 16:45:10.707,743.367,4,1,1,0.0,234.996,0.00,509.80,0.00,change
20260608 16:45:10.758,743.417,4,1,1,0.0,234.996,0.00,509.75,0.00,change
20260608 16:45:10.808,743.467,4,1,1,0.0,234.996,0.00,509.70,0.00,change
20260608 16:45:10.858,743.517,4,1,1,0.0,234.996,0.00,509.65,0.00,change
20260608 16:45:10.908,743.567,4,1,1,0.0,234.996,0.00,509.60,0.00,change
20260608 16:45:10.956,743.617,4,1,1,0.0,234.996,0.00,509.55,0.00,change
20260608 16:45:11.007,743.667,4,1,1,0.0,234.996,0.00,509.50,0.00,change
20260608 16:45:11.058,743.717,4,1,1,0.0,234.996,0.00,509.45,0.00,change
20260608 16:45:11.108,743.767,4,1,1,0.0,234.996,0.00,509.39,0.00,change
20260608 16:45:11.157,743.817,4,1,1,0.0,234.996,0.00,509.34,0.00,change
20260608 16:45:11.207,743.867,4,1,1,0.0,234.996,0.00,509.29,0.00,change
20260608 16:45:11.256,743.917,4,1,1,0.0,234.996,0.00,509.24,0.00,change
20260608 16:45:11.307,743.967,4,1,1,0.0,234.996,0.00,509.19,0.00,change
20260608 16:45:11.358,744.017,4,1,1,0.0,234.996,0.00,509.14,0.00,change
20260608 16:45:11.407,744.067,4,1,1,0.0,234.996,0.00,509.09,0.00,change
20260608 16:45:11.459,744.117,4,1,1,0.0,234.996,0.00,509.04,0.00,change
20260608 16:45:11.508,744.167,4,1,1,0.0,234.996,0.00,508.99,0.00,change
20260608 16:45:11.558,744.217,4,1,1,0.0,234.996,0.00,508.94,0.00,change
20260608 16:45:11.607,744.267,4,1,1,0.0,234.996,0.00,508.89,0.00,change
20260608 16:45:11.657,744.317,4,1,1,0.0,234.996,0.00,508.84,0.00,change
20260608 16:45:11.708,744.367,4,1,1,0.0,234.996,0.00,508.79,0.00,change
20260608 16:45:11.757,744.417,4,1,1,0.0,234.996,0.00,508.74,0.00,change
20260608 16:45:11.807,744.467,4,1,1,0.0,234.996,0.00,508.69,0.00,change
20260608 16:45:11.857,744.517,4,1,1,0.0,234.996,0.00,508.64,0.00,change
20260608 16:45:11.907,744.567,4,1,1,0.0,234.996,0.00,508.59,0.00,change
20260608 16:45:11.957,744.617,4,1,1,0.0,234.996,0.00,508.54,0.00,change
20260608 16:45:12.008,744.667,4,1,1,0.0,234.996,0.00,508.49,0.00,change
20260608 16:45:12.058,744.717,4,1,1,0.0,234.996,0.00,508.44,0.00,change
20260608 16:45:12.108,744.767,4,1,1,0.0,234.996,0.00,508.38,0.00,change
20260608 16:45:12.157,744.817,4,1,1,0.0,234.996,0.00,508.33,0.00,change
20260608 16:45:12.208,744.867,4,1,1,0.0,234.996,0.00,508.28,0.00,change
20260608 16:45:12.257,744.917,4,1,1,0.0,234.996,0.00,508.23,0.00,change
20260608 16:45:12.307,744.967,4,1,1,0.0,234.996,0.00,508.18,0.00,change
20260608 16:45:12.357,745.017,4,1,1,0.0,234.996,0.00,508.13,0.00,change
20260608 16:45:12.407,745.067,4,1,1,0.0,234.996,0.00,508.08,0.00,change
20260608 16:45:12.458,745.117,4,1,1,0.0,234.996,0.00,508.03,0.00,change
20260608 16:45:12.507,745.167,4,1,1,0.0,234.996,0.00,507.98,0.00,change
20260608 16:45:12.558,745.217,4,1,1,0.0,234.996,0.00,507.93,0.00,change
20260608 16:45:12.607,745.267,4,1,1,0.0,234.996,0.00,507.88,0.00,change
20260608 16:45:12.658,745.317,4,1,1,0.0,234.996,0.00,507.83,0.00,change
20260608 16:45:12.707,745.367,4,1,1,0.0,234.996,0.00,507.78,0.00,change
20260608 16:45:12.757,745.417,4,1,1,0.0,234.996,0.00,507.73,0.00,change
20260608 16:45:12.807,745.467,4,1,1,0.0,234.996,0.00,507.68,0.00,change
20260608 16:45:12.858,745.517,4,1,1,0.0,234.996,0.00,507.63,0.00,change
20260608 16:45:12.907,745.567,4,1,1,0.0,234.996,0.00,507.58,0.00,change
20260608 16:45:12.957,745.617,4,1,1,0.0,234.996,0.00,507.53,0.00,change
20260608 16:45:13.007,745.667,4,1,1,0.0,234.996,0.00,507.48,0.00,change
20260608 16:45:13.058,745.717,4,1,1,0.0,234.996,0.00,507.43,0.00,change
20260608 16:45:13.108,745.767,4,1,1,0.0,234.996,0.00,507.37,0.00,change
20260608 16:45:13.157,745.817,4,1,1,0.0,234.996,0.00,507.32,0.00,change
20260608 16:45:13.207,745.867,4,1,1,0.0,234.996,0.00,507.27,0.00,change
20260608 16:45:13.257,745.917,4,1,1,0.0,234.996,0.00,507.22,0.00,change
20260608 16:45:13.308,745.967,4,1,1,0.0,234.996,0.00,507.17,0.00,change
20260608 16:45:13.357,746.017,4,1,1,0.0,234.996,0.00,507.12,0.00,change
20260608 16:45:13.407,746.067,4,1,1,0.0,234.996,0.00,507.07,0.00,change
20260608 16:45:13.456,746.117,4,1,1,0.0,234.996,0.00,507.02,0.00,change
20260608 16:45:13.508,746.167,4,1,1,0.0,234.996,0.00,506.97,0.00,change
20260608 16:45:13.557,746.217,4,1,1,0.0,234.996,0.00,506.92,0.00,change
20260608 16:45:13.607,746.267,4,1,1,0.0,234.996,0.00,506.87,0.00,change
20260608 16:45:13.658,746.317,4,1,1,0.0,234.996,0.00,506.82,0.00,change
20260608 16:45:13.707,746.367,4,1,1,0.0,234.996,0.00,506.77,0.00,change
20260608 16:45:13.758,746.417,4,1,1,0.0,234.996,0.00,506.72,0.00,change
20260608 16:45:13.807,746.467,4,1,1,0.0,234.996,0.00,506.67,0.00,change
20260608 16:45:13.856,746.517,4,1,1,0.0,234.996,0.00,506.62,0.00,change
20260608 16:45:13.908,746.567,4,1,1,0.0,234.996,0.00,506.57,0.00,change
20260608 16:45:13.958,746.617,4,1,1,0.0,234.996,0.00,506.52,0.00,change
20260608 16:45:14.007,746.667,4,1,1,0.0,234.996,0.00,506.47,0.00,change
20260608 16:45:14.057,746.717,4,1,1,0.0,234.996,0.00,506.42,0.00,change
20260608 16:45:14.107,746.767,4,1,1,0.0,234.996,0.00,506.36,0.00,change
20260608 16:45:14.157,746.817,4,1,1,0.0,234.996,0.00,506.31,0.00,change
20260608 16:45:14.207,746.867,4,1,1,0.0,234.996,0.00,506.26,0.00,change
20260608 16:45:14.258,746.917,4,1,1,0.0,234.996,0.00,506.21,0.00,change
20260608 16:45:14.307,746.967,4,1,1,0.0,234.996,0.00,506.16,0.00,change
20260608 16:45:14.357,747.017,4,1,1,0.0,234.996,0.00,506.11,0.00,change
20260608 16:45:14.407,747.067,4,1,1,0.0,234.996,0.00,506.06,0.00,change
20260608 16:45:14.457,747.117,4,1,1,0.0,234.996,0.00,506.01,0.00,change
20260608 16:45:14.508,747.167,4,1,1,0.0,234.996,0.00,505.96,0.00,change
20260608 16:45:14.559,747.217,4,1,1,0.0,234.996,0.00,505.91,0.00,change
20260608 16:45:14.608,747.267,4,1,1,0.0,234.996,0.00,505.86,0.00,change
20260608 16:45:14.657,747.317,4,1,1,0.0,234.996,0.00,505.81,0.00,change
20260608 16:45:14.708,747.367,4,1,1,0.0,234.996,0.00,505.76,0.00,change
20260608 16:45:14.758,747.417,4,1,1,0.0,234.996,0.00,505.71,0.00,change
20260608 16:45:14.808,747.467,4,1,1,0.0,234.996,0.00,505.66,0.00,change
20260608 16:45:14.858,747.517,4,1,1,0.0,234.996,0.00,505.61,0.00,change
20260608 16:45:14.907,747.567,4,1,1,0.0,234.996,0.00,505.56,0.00,change
20260608 16:45:14.958,747.617,4,1,1,0.0,234.996,0.00,505.51,0.00,change
20260608 16:45:15.007,747.667,4,1,1,0.0,234.996,0.00,505.46,0.00,change
20260608 16:45:15.059,747.717,4,1,1,0.0,234.996,0.00,505.41,0.00,change
20260608 16:45:15.107,747.767,4,1,1,0.0,234.996,0.00,505.35,0.00,change
20260608 16:45:15.158,747.817,4,1,1,0.0,234.996,0.00,505.30,0.00,change
20260608 16:45:15.207,747.867,4,1,1,0.0,234.996,0.00,505.25,0.00,change
20260608 16:45:15.259,747.917,4,1,1,0.0,234.996,0.00,505.20,0.00,change
20260608 16:45:15.307,747.967,4,1,1,0.0,234.996,0.00,505.15,0.00,change
20260608 16:45:15.358,748.017,4,1,1,0.0,234.996,0.00,505.10,0.00,change
20260608 16:45:15.407,748.067,4,1,1,0.0,234.996,0.00,505.05,0.00,change
20260608 16:45:15.457,748.117,4,1,1,0.0,234.996,0.00,505.00,0.00,change
20260608 16:45:15.508,748.167,4,1,1,0.0,234.996,0.00,504.95,0.00,change
20260608 16:45:15.557,748.217,4,1,1,0.0,234.996,0.00,504.90,0.00,change
20260608 16:45:15.608,748.267,4,1,1,0.0,234.996,0.00,504.85,0.00,change
20260608 16:45:15.657,748.317,4,1,1,0.0,234.996,0.00,504.80,0.00,change
20260608 16:45:15.707,748.367,4,1,1,0.0,234.996,0.00,504.75,0.00,change
20260608 16:45:15.757,748.417,4,1,1,0.0,234.996,0.00,504.70,0.00,change
20260608 16:45:15.807,748.467,4,1,1,0.0,234.996,0.00,504.65,0.00,change
20260608 16:45:15.857,748.517,4,1,1,0.0,234.996,0.00,504.60,0.00,change
20260608 16:45:15.908,748.567,4,1,1,0.0,234.996,0.00,504.55,0.00,change
20260608 16:45:15.957,748.617,4,1,1,0.0,234.996,0.00,504.50,0.00,change
20260608 16:45:16.007,748.667,4,1,1,0.0,234.996,0.00,504.45,0.00,change
20260608 16:45:16.057,748.717,4,1,1,0.0,234.996,0.00,504.40,0.00,change
20260608 16:45:16.107,748.767,4,1,1,0.0,234.996,0.00,504.34,0.00,change
20260608 16:45:16.157,748.817,4,1,1,0.0,234.996,0.00,504.29,0.00,change
20260608 16:45:16.207,748.867,4,1,1,0.0,234.996,0.00,504.24,0.00,change
20260608 16:45:16.258,748.917,4,1,1,0.0,234.996,0.00,504.19,0.00,change
20260608 16:45:16.306,748.967,4,1,1,0.0,234.996,0.00,504.14,0.00,change
20260608 16:45:16.359,749.017,4,1,1,0.0,234.996,0.00,504.09,0.00,change
20260608 16:45:16.408,749.067,4,1,1,0.0,234.996,0.00,504.04,0.00,change
20260608 16:45:16.457,749.117,4,1,1,0.0,234.996,0.00,503.99,0.00,change
20260608 16:45:16.507,749.167,4,1,1,0.0,234.996,0.00,503.94,0.00,change
20260608 16:45:16.558,749.217,4,1,1,0.0,234.996,0.00,503.89,0.00,change
20260608 16:45:16.608,749.267,4,1,1,0.0,234.996,0.00,503.84,0.00,change
20260608 16:45:16.657,749.317,4,1,1,0.0,234.996,0.00,503.79,0.00,change
20260608 16:45:16.708,749.367,4,1,1,0.0,234.996,0.00,503.74,0.00,change
20260608 16:45:16.758,749.417,4,1,1,0.0,234.996,0.00,503.69,0.00,change
20260608 16:45:16.807,749.467,4,1,1,0.0,234.996,0.00,503.64,0.00,change
20260608 16:45:16.858,749.517,4,1,1,0.0,234.996,0.00,503.59,0.00,change
20260608 16:45:16.906,749.567,4,1,1,0.0,234.996,0.00,503.54,0.00,change
20260608 16:45:16.958,749.617,4,1,1,0.0,234.996,0.00,503.49,0.00,change
20260608 16:45:17.007,749.667,4,1,1,0.0,234.996,0.00,503.44,0.00,change
20260608 16:45:17.057,749.717,4,1,1,0.0,234.996,0.00,503.39,0.00,change
20260608 16:45:17.107,749.767,4,1,1,0.0,234.996,0.00,503.33,0.00,change
20260608 16:45:17.157,749.817,4,1,1,0.0,234.996,0.00,503.28,0.00,change
20260608 16:45:17.209,749.867,4,1,1,0.0,234.996,0.00,503.23,0.00,change
20260608 16:45:17.256,749.917,4,1,1,0.0,234.996,0.00,503.18,0.00,change
20260608 16:45:17.308,749.967,4,1,1,0.0,234.996,0.00,503.13,0.00,change
20260608 16:45:17.357,750.017,4,1,1,0.0,234.996,0.00,503.08,0.00,change
20260608 16:45:17.408,750.067,4,1,1,0.0,234.996,0.00,503.03,0.00,change
20260608 16:45:17.458,750.117,4,1,1,0.0,234.996,0.00,502.98,0.00,change
20260608 16:45:17.508,750.167,4,1,1,0.0,234.996,0.00,502.93,0.00,change
20260608 16:45:17.558,750.217,4,1,1,0.0,234.996,0.00,502.88,0.00,change
20260608 16:45:17.607,750.267,4,1,1,0.0,234.996,0.00,502.83,0.00,change
20260608 16:45:17.658,750.317,4,1,1,0.0,234.996,0.00,502.78,0.00,change
20260608 16:45:17.708,750.367,4,1,1,0.0,234.996,0.00,502.73,0.00,change
20260608 16:45:17.758,750.417,4,1,1,0.0,234.996,0.00,502.68,0.00,change
20260608 16:45:17.808,750.467,4,1,1,0.0,234.996,0.00,502.63,0.00,change
20260608 16:45:17.857,750.517,4,1,1,0.0,234.996,0.00,502.58,0.00,change
20260608 16:45:17.908,750.567,4,1,1,0.0,234.996,0.00,502.53,0.00,change
20260608 16:45:17.958,750.617,4,1,1,0.0,234.996,0.00,502.48,0.00,change
20260608 16:45:18.007,750.667,4,1,1,0.0,234.996,0.00,502.43,0.00,change
20260608 16:45:18.057,750.717,4,1,1,0.0,234.996,0.00,502.38,0.00,change
20260608 16:45:18.107,750.767,4,1,1,0.0,234.996,0.00,502.32,0.00,change
20260608 16:45:18.157,750.817,4,1,1,0.0,234.996,0.00,502.27,0.00,change
20260608 16:45:18.207,750.867,4,1,1,0.0,234.996,0.00,502.22,0.00,change
20260608 16:45:18.258,750.917,4,1,1,0.0,234.996,0.00,502.17,0.00,change
20260608 16:45:18.307,750.967,4,1,1,0.0,234.996,0.00,502.12,0.00,change
20260608 16:45:18.358,751.017,4,1,1,0.0,234.996,0.00,502.07,0.00,change
20260608 16:45:18.408,751.067,4,1,1,0.0,234.996,0.00,502.02,0.00,change
20260608 16:45:18.456,751.117,4,1,1,0.0,234.996,0.00,501.97,0.00,change
20260608 16:45:18.508,751.167,4,1,1,0.0,234.996,0.00,501.92,0.00,change
20260608 16:45:18.558,751.217,4,1,1,0.0,234.996,0.00,501.87,0.00,change
20260608 16:45:18.607,751.267,4,1,1,0.0,234.996,0.00,501.82,0.00,change
20260608 16:45:18.660,751.317,4,1,1,0.0,234.996,0.00,501.77,0.00,change
20260608 16:45:18.707,751.367,4,1,1,0.0,234.996,0.00,501.72,0.00,change
20260608 16:45:18.757,751.417,4,1,1,0.0,234.996,0.00,501.67,0.00,change
20260608 16:45:18.807,751.467,4,1,1,0.0,234.996,0.00,501.62,0.00,change
20260608 16:45:18.857,751.517,4,1,1,0.0,234.996,0.00,501.57,0.00,change
20260608 16:45:18.908,751.567,4,1,1,0.0,234.996,0.00,501.52,0.00,change
20260608 16:45:18.956,751.617,4,1,1,0.0,234.996,0.00,501.47,0.00,change
20260608 16:45:19.007,751.667,4,1,1,0.0,234.996,0.00,501.42,0.00,change
20260608 16:45:19.057,751.717,4,1,1,0.0,234.996,0.00,501.37,0.00,change
20260608 16:45:19.108,751.767,4,1,1,0.0,234.996,0.00,501.31,0.00,change
20260608 16:45:19.158,751.817,4,1,1,0.0,234.996,0.00,501.26,0.00,change
20260608 16:45:19.208,751.867,4,1,1,0.0,234.996,0.00,501.21,0.00,change
20260608 16:45:19.258,751.917,4,1,1,0.0,234.996,0.00,501.16,0.00,change
20260608 16:45:19.307,751.967,4,1,1,0.0,234.996,0.00,501.11,0.00,change
20260608 16:45:19.358,752.017,4,1,1,0.0,234.996,0.00,501.06,0.00,change
20260608 16:45:19.408,752.067,4,1,1,0.0,234.996,0.00,501.01,0.00,change
20260608 16:45:19.457,752.117,4,1,1,0.0,234.996,0.00,500.96,0.00,change
20260608 16:45:19.507,752.167,4,1,1,0.0,234.996,0.00,500.91,0.00,change
20260608 16:45:19.558,752.217,4,1,1,0.0,234.996,0.00,500.86,0.00,change
20260608 16:45:19.607,752.267,4,1,1,0.0,234.996,0.00,500.81,0.00,change
20260608 16:45:19.658,752.317,4,1,1,0.0,234.996,0.00,500.76,0.00,change
20260608 16:45:19.708,752.367,4,1,1,0.0,234.996,0.00,500.71,0.00,change
20260608 16:45:19.757,752.417,4,1,1,0.0,234.996,0.00,500.66,0.00,change
20260608 16:45:19.808,752.467,4,1,1,0.0,234.996,0.00,500.61,0.00,change
20260608 16:45:19.857,752.517,4,1,1,0.0,234.996,0.00,500.56,0.00,change
20260608 16:45:19.907,752.567,4,1,1,0.0,234.996,0.00,500.51,0.00,change
20260608 16:45:19.957,752.617,4,1,1,0.0,234.996,0.00,500.46,0.00,change
20260608 16:45:20.007,752.667,4,1,1,0.0,234.996,0.00,500.41,0.00,change
20260608 16:45:20.057,752.717,4,1,1,0.0,234.996,0.00,500.35,0.00,change
20260608 16:45:20.107,752.767,4,1,1,0.0,234.996,0.00,500.30,0.00,change
20260608 16:45:20.157,752.817,4,1,1,0.0,234.996,0.00,500.25,0.00,change
20260608 16:45:20.208,752.867,4,1,1,0.0,234.996,0.00,500.20,0.00,change
20260608 16:45:20.259,752.917,4,1,1,0.0,234.996,0.00,500.15,0.00,change
20260608 16:45:20.309,752.967,4,1,1,0.0,234.996,0.00,500.10,0.00,change
20260608 16:45:20.357,753.017,4,1,1,0.0,234.996,0.00,500.05,0.00,change
20260608 16:45:20.407,753.067,4,1,1,0.0,234.996,0.00,500.00,0.00,change
20260608 16:45:20.457,753.117,4,1,1,0.0,234.996,0.00,499.95,0.00,change
20260608 16:45:20.507,753.167,4,1,1,0.0,234.996,0.00,499.90,0.00,change
20260608 16:45:20.557,753.217,4,1,1,0.0,234.996,0.00,499.85,0.00,change
20260608 16:45:20.608,753.267,4,1,1,0.0,234.996,0.00,499.80,0.00,change
20260608 16:45:20.657,753.317,4,1,1,0.0,234.996,0.00,499.75,0.00,change
20260608 16:45:20.707,753.367,4,1,1,0.0,234.996,0.00,499.70,0.00,change
20260608 16:45:20.757,753.417,4,1,1,0.0,234.996,0.00,499.65,0.00,change
20260608 16:45:20.808,753.467,4,1,1,0.0,234.996,0.00,499.60,0.00,change
20260608 16:45:20.857,753.517,4,1,1,0.0,234.996,0.00,499.55,0.00,change
20260608 16:45:20.908,753.567,4,1,1,0.0,234.996,0.00,499.50,0.00,change
20260608 16:45:20.957,753.617,4,1,1,0.0,234.996,0.00,499.45,0.00,change
20260608 16:45:21.007,753.667,4,1,1,0.0,234.996,0.00,499.40,0.00,change
20260608 16:45:21.057,753.717,4,1,1,0.0,234.996,0.00,499.34,0.00,change
20260608 16:45:21.107,753.767,4,1,1,0.0,234.996,0.00,499.29,0.00,change
20260608 16:45:21.158,753.817,4,1,1,0.0,234.996,0.00,499.24,0.00,change
20260608 16:45:21.207,753.867,4,1,1,0.0,234.996,0.00,499.19,0.00,change
20260608 16:45:21.258,753.917,4,1,1,0.0,234.996,0.00,499.14,0.00,change
20260608 16:45:21.308,753.967,4,1,1,0.0,234.996,0.00,499.09,0.00,change
20260608 16:45:21.358,754.017,4,1,1,0.0,234.996,0.00,499.04,0.00,change
20260608 16:45:21.408,754.067,4,1,1,0.0,234.996,0.00,498.99,0.00,change
20260608 16:45:21.458,754.117,4,1,1,0.0,234.996,0.00,498.94,0.00,change
20260608 16:45:21.509,754.167,4,1,1,0.0,234.996,0.00,498.89,0.00,change
20260608 16:45:21.560,754.217,4,1,1,0.0,234.996,0.00,498.84,0.00,change
20260608 16:45:21.608,754.267,4,1,1,0.0,234.996,0.00,498.79,0.00,change
20260608 16:45:21.659,754.317,4,1,1,0.0,234.996,0.00,498.74,0.00,change
20260608 16:45:21.708,754.367,4,1,1,0.0,234.996,0.00,498.69,0.00,change
20260608 16:45:21.758,754.417,4,1,1,0.0,234.996,0.00,498.64,0.00,change
20260608 16:45:21.809,754.467,4,1,1,0.0,234.996,0.00,498.59,0.00,change
20260608 16:45:21.859,754.517,4,1,1,0.0,234.996,0.00,498.54,0.00,change
20260608 16:45:21.908,754.567,4,1,1,0.0,234.996,0.00,498.49,0.00,change
20260608 16:45:21.958,754.617,4,1,1,0.0,234.996,0.00,498.44,0.00,change
20260608 16:45:22.007,754.667,4,1,1,0.0,234.996,0.00,498.39,0.00,change
20260608 16:45:22.058,754.717,4,1,1,0.0,234.996,0.00,498.33,0.00,change
20260608 16:45:22.108,754.767,4,1,1,0.0,234.996,0.00,498.28,0.00,change
20260608 16:45:22.158,754.817,4,1,1,0.0,234.996,0.00,498.23,0.00,change
20260608 16:45:22.207,754.867,4,1,1,0.0,234.996,0.00,498.18,0.00,change
20260608 16:45:22.258,754.917,4,1,1,0.0,234.996,0.00,498.13,0.00,change
20260608 16:45:22.307,754.967,4,1,1,0.0,234.996,0.00,498.08,0.00,change
20260608 16:45:22.357,755.017,4,1,1,0.0,234.996,0.00,498.03,0.00,change
20260608 16:45:22.407,755.067,4,1,1,0.0,234.996,0.00,497.98,0.00,change
20260608 16:45:22.458,755.117,4,1,1,0.0,234.996,0.00,497.93,0.00,change
20260608 16:45:22.508,755.167,4,1,1,0.0,234.996,0.00,497.88,0.00,change
20260608 16:45:22.558,755.217,4,1,1,0.0,234.996,0.00,497.83,0.00,change
20260608 16:45:22.608,755.267,4,1,1,0.0,234.996,0.00,497.78,0.00,change
20260608 16:45:22.657,755.317,4,1,1,0.0,234.996,0.00,497.73,0.00,change
20260608 16:45:22.707,755.367,4,1,1,0.0,234.996,0.00,497.68,0.00,change
20260608 16:45:22.757,755.417,4,1,1,0.0,234.996,0.00,497.63,0.00,change
20260608 16:45:22.808,755.467,4,1,1,0.0,234.996,0.00,497.58,0.00,change
20260608 16:45:22.857,755.517,4,1,1,0.0,234.996,0.00,497.53,0.00,change
20260608 16:45:22.907,755.567,4,1,1,0.0,234.996,0.00,497.48,0.00,change
20260608 16:45:22.960,755.617,4,1,1,0.0,234.996,0.00,497.43,0.00,change
20260608 16:45:23.007,755.667,4,1,1,0.0,234.996,0.00,497.38,0.00,change
20260608 16:45:23.057,755.717,4,1,1,0.0,234.996,0.00,497.32,0.00,change
20260608 16:45:23.107,755.767,4,1,1,0.0,234.996,0.00,497.27,0.00,change
20260608 16:45:23.159,755.817,4,1,1,0.0,234.996,0.00,497.22,0.00,change
20260608 16:45:23.209,755.867,4,1,1,0.0,234.996,0.00,497.17,0.00,change
20260608 16:45:23.259,755.917,4,1,1,0.0,234.996,0.00,497.12,0.00,change
20260608 16:45:23.308,755.967,4,1,1,0.0,234.996,0.00,497.07,0.00,change
20260608 16:45:23.357,756.017,4,1,1,0.0,234.996,0.00,497.02,0.00,change
20260608 16:45:23.407,756.067,4,1,1,0.0,234.996,0.00,496.97,0.00,change
20260608 16:45:23.459,756.117,4,1,1,0.0,234.996,0.00,496.92,0.00,change
20260608 16:45:23.508,756.167,4,1,1,0.0,234.996,0.00,496.87,0.00,change
20260608 16:45:23.559,756.217,4,1,1,0.0,234.996,0.00,496.82,0.00,change
20260608 16:45:23.608,756.267,4,1,1,0.0,234.996,0.00,496.77,0.00,change
20260608 16:45:23.658,756.317,4,1,1,0.0,234.996,0.00,496.72,0.00,change
20260608 16:45:23.708,756.367,4,1,1,0.0,234.996,0.00,496.67,0.00,change
20260608 16:45:23.758,756.417,4,1,1,0.0,234.996,0.00,496.62,0.00,change
20260608 16:45:23.807,756.467,4,1,1,0.0,234.996,0.00,496.57,0.00,change
20260608 16:45:23.859,756.517,4,1,1,0.0,234.996,0.00,496.52,0.00,change
20260608 16:45:23.909,756.567,4,1,1,0.0,234.996,0.00,496.47,0.00,change
20260608 16:45:23.959,756.617,4,1,1,0.0,234.996,0.00,496.42,0.00,change
20260608 16:45:24.009,756.667,4,1,1,0.0,234.996,0.00,496.37,0.00,change
20260608 16:45:24.059,756.717,4,1,1,0.0,234.996,0.00,496.31,0.00,change
20260608 16:45:24.107,756.767,4,1,1,0.0,234.996,0.00,496.26,0.00,change
20260608 16:45:24.158,756.817,4,1,1,0.0,234.996,0.00,496.21,0.00,change
20260608 16:45:24.207,756.867,4,1,1,0.0,234.996,0.00,496.16,0.00,change
20260608 16:45:24.259,756.917,4,1,1,0.0,234.996,0.00,496.11,0.00,change
20260608 16:45:24.307,756.967,4,1,1,0.0,234.996,0.00,496.06,0.00,change
20260608 16:45:24.357,757.017,4,1,1,0.0,234.996,0.00,496.01,0.00,change
20260608 16:45:24.408,757.067,4,1,1,0.0,234.996,0.00,495.96,0.00,change
20260608 16:45:24.458,757.117,4,1,1,0.0,234.996,0.00,495.91,0.00,change
20260608 16:45:24.507,757.167,4,1,1,0.0,234.996,0.00,495.86,0.00,change
20260608 16:45:24.558,757.217,4,1,1,0.0,234.996,0.00,495.81,0.00,change
20260608 16:45:24.608,757.267,4,1,1,0.0,234.996,0.00,495.76,0.00,change
20260608 16:45:24.657,757.317,4,1,1,0.0,234.996,0.00,495.71,0.00,change
20260608 16:45:24.708,757.367,4,1,1,0.0,234.996,0.00,495.66,0.00,change
20260608 16:45:24.758,757.417,4,1,1,0.0,234.996,0.00,495.61,0.00,change
20260608 16:45:24.807,757.467,4,1,1,0.0,234.996,0.00,495.56,0.00,change
20260608 16:45:24.857,757.517,4,1,1,0.0,234.996,0.00,495.51,0.00,change
20260608 16:45:24.907,757.567,4,1,1,0.0,234.996,0.00,495.46,0.00,change
20260608 16:45:24.958,757.617,4,1,1,0.0,234.996,0.00,495.41,0.00,change
20260608 16:45:25.007,757.667,4,1,1,0.0,234.996,0.00,495.36,0.00,change
20260608 16:45:25.057,757.717,4,1,1,0.0,234.996,0.00,495.30,0.00,change
20260608 16:45:25.109,757.767,4,1,1,0.0,234.996,0.00,495.25,0.00,change
20260608 16:45:25.159,757.817,4,1,1,0.0,234.996,0.00,495.20,0.00,change
20260608 16:45:25.207,757.867,4,1,1,0.0,234.996,0.00,495.15,0.00,change
20260608 16:45:25.258,757.917,4,1,1,0.0,234.996,0.00,495.10,0.00,change
20260608 16:45:25.307,757.967,4,1,1,0.0,234.996,0.00,495.05,0.00,change
20260608 16:45:25.358,758.017,4,1,1,0.0,234.996,0.00,495.00,0.00,change
20260608 16:45:25.407,758.067,4,1,1,0.0,234.996,0.00,494.95,0.00,change
20260608 16:45:25.457,758.117,4,1,1,0.0,234.996,0.00,494.90,0.00,change
20260608 16:45:25.508,758.167,4,1,1,0.0,234.996,0.00,494.85,0.00,change
20260608 16:45:25.559,758.217,4,1,1,0.0,234.996,0.00,494.80,0.00,change
20260608 16:45:25.608,758.267,4,1,1,0.0,234.996,0.00,494.75,0.00,change
20260608 16:45:25.658,758.317,4,1,1,0.0,234.996,0.00,494.70,0.00,change
20260608 16:45:25.707,758.367,4,1,1,0.0,234.996,0.00,494.65,0.00,change
20260608 16:45:25.757,758.417,4,1,1,0.0,234.996,0.00,494.60,0.00,change
20260608 16:45:25.808,758.467,4,1,1,0.0,234.996,0.00,494.55,0.00,change
20260608 16:45:25.858,758.517,4,1,1,0.0,234.996,0.00,494.50,0.00,change
20260608 16:45:25.907,758.567,4,1,1,0.0,234.996,0.00,494.45,0.00,change
20260608 16:45:25.959,758.617,4,1,1,0.0,234.996,0.00,494.40,0.00,change
20260608 16:45:26.007,758.667,4,1,1,0.0,234.996,0.00,494.35,0.00,change
20260608 16:45:26.058,758.717,4,1,1,0.0,234.996,0.00,494.29,0.00,change
20260608 16:45:26.108,758.767,4,1,1,0.0,234.996,0.00,494.24,0.00,change
20260608 16:45:26.158,758.817,4,1,1,0.0,234.996,0.00,494.19,0.00,change
20260608 16:45:26.208,758.867,4,1,1,0.0,234.996,0.00,494.14,0.00,change
20260608 16:45:26.259,758.917,4,1,1,0.0,234.996,0.00,494.09,0.00,change
20260608 16:45:26.308,758.967,4,1,1,0.0,234.996,0.00,494.04,0.00,change
20260608 16:45:26.358,759.017,4,1,1,0.0,234.996,0.00,493.99,0.00,change
20260608 16:45:26.408,759.067,4,1,1,0.0,234.996,0.00,493.94,0.00,change
20260608 16:45:26.459,759.117,4,1,1,0.0,234.996,0.00,493.89,0.00,change
20260608 16:45:26.509,759.167,4,1,1,0.0,234.996,0.00,493.84,0.00,change
20260608 16:45:26.558,759.217,4,1,1,0.0,234.996,0.00,493.79,0.00,change
20260608 16:45:26.609,759.267,4,1,1,0.0,234.996,0.00,493.74,0.00,change
20260608 16:45:26.658,759.317,4,1,1,0.0,234.996,0.00,493.69,0.00,change
20260608 16:45:26.708,759.367,4,1,1,0.0,234.996,0.00,493.64,0.00,change
20260608 16:45:26.757,759.417,4,1,1,0.0,234.996,0.00,493.59,0.00,change
20260608 16:45:26.808,759.467,4,1,1,0.0,234.996,0.00,493.54,0.00,change
20260608 16:45:26.858,759.517,4,1,1,0.0,234.996,0.00,493.49,0.00,change
20260608 16:45:26.908,759.567,4,1,1,0.0,234.996,0.00,493.44,0.00,change
20260608 16:45:26.958,759.617,4,1,1,0.0,234.996,0.00,493.39,0.00,change
20260608 16:45:27.008,759.667,4,1,1,0.0,234.996,0.00,493.34,0.00,change
20260608 16:45:27.058,759.717,4,1,1,0.0,234.996,0.00,493.28,0.00,change
20260608 16:45:27.107,759.767,4,1,1,0.0,234.996,0.00,493.23,0.00,change
20260608 16:45:27.158,759.817,4,1,1,0.0,234.996,0.00,493.18,0.00,change
20260608 16:45:27.207,759.867,4,1,1,0.0,234.996,0.00,493.13,0.00,change
20260608 16:45:27.258,759.917,4,1,1,0.0,234.996,0.00,493.08,0.00,change
20260608 16:45:27.308,759.967,4,1,1,0.0,234.996,0.00,493.03,0.00,change
20260608 16:45:27.359,760.017,4,1,1,0.0,234.996,0.00,492.98,0.00,change
20260608 16:45:27.408,760.067,4,1,1,0.0,234.996,0.00,492.93,0.00,change
20260608 16:45:27.458,760.117,4,1,1,0.0,234.996,0.00,492.88,0.00,change
20260608 16:45:27.509,760.167,4,1,1,0.0,234.996,0.00,492.83,0.00,change
20260608 16:45:27.557,760.217,4,1,1,0.0,234.996,0.00,492.78,0.00,change
20260608 16:45:27.607,760.267,4,1,1,0.0,234.996,0.00,492.73,0.00,change
20260608 16:45:27.658,760.317,4,1,1,0.0,234.996,0.00,492.68,0.00,change
20260608 16:45:27.709,760.367,4,1,1,0.0,234.996,0.00,492.63,0.00,change
20260608 16:45:27.757,760.417,4,1,1,0.0,234.996,0.00,492.58,0.00,change
20260608 16:45:27.808,760.467,4,1,1,0.0,234.996,0.00,492.53,0.00,change
20260608 16:45:27.858,760.533,4,1,1,0.0,234.996,0.00,492.48,0.00,change
20260608 16:45:27.908,760.583,4,1,1,0.0,234.996,0.00,492.43,0.00,change
20260608 16:45:27.958,760.633,4,1,1,0.0,234.996,0.00,492.38,0.00,change
20260608 16:45:28.009,760.683,4,1,1,0.0,234.996,0.00,492.33,0.00,change
20260608 16:45:28.058,760.733,4,1,1,0.0,234.996,0.00,492.27,0.00,change
20260608 16:45:28.109,760.783,4,1,1,0.0,234.996,0.00,492.22,0.00,change
20260608 16:45:28.158,760.833,4,1,1,0.0,234.996,0.00,492.17,0.00,change
20260608 16:45:28.206,760.883,4,1,1,0.0,234.996,0.00,492.12,0.00,change
20260608 16:45:28.259,760.933,4,1,1,0.0,234.996,0.00,492.07,0.00,change
20260608 16:45:28.307,760.983,4,1,1,0.0,234.996,0.00,492.02,0.00,change
20260608 16:45:28.358,761.033,4,1,1,0.0,234.996,0.00,491.97,0.00,change
20260608 16:45:28.407,761.083,4,1,1,0.0,234.996,0.00,491.92,0.00,change
20260608 16:45:28.459,761.133,4,1,1,0.0,234.996,0.00,491.87,0.00,change
20260608 16:45:28.508,761.183,4,1,1,0.0,234.996,0.00,491.82,0.00,change
20260608 16:45:28.559,761.233,4,1,1,0.0,234.996,0.00,491.77,0.00,change
20260608 16:45:28.607,761.283,4,1,1,0.0,234.996,0.00,491.72,0.00,change
20260608 16:45:28.657,761.333,4,1,1,0.0,234.996,0.00,491.67,0.00,change
20260608 16:45:28.708,761.383,4,1,1,0.0,234.996,0.00,491.62,0.00,change
20260608 16:45:28.759,761.433,4,1,1,0.0,234.996,0.00,491.57,0.00,change
20260608 16:45:28.808,761.483,4,1,1,0.0,234.996,0.00,491.52,0.00,change
20260608 16:45:28.859,761.533,4,1,1,0.0,234.996,0.00,491.47,0.00,change
20260608 16:45:28.908,761.583,4,1,1,0.0,234.996,0.00,491.42,0.00,change
20260608 16:45:28.958,761.633,4,1,1,0.0,234.996,0.00,491.37,0.00,change
20260608 16:45:29.008,761.683,4,1,1,0.0,234.996,0.00,491.32,0.00,change
20260608 16:45:29.058,761.733,4,1,1,0.0,234.996,0.00,491.26,0.00,change
20260608 16:45:29.108,761.783,4,1,1,0.0,234.996,0.00,491.21,0.00,change
20260608 16:45:29.157,761.833,4,1,1,0.0,234.996,0.00,491.16,0.00,change
20260608 16:45:29.208,761.883,4,1,1,0.0,234.996,0.00,491.11,0.00,change
20260608 16:45:29.258,761.933,4,1,1,0.0,234.996,0.00,491.06,0.00,change
20260608 16:45:29.309,761.983,4,1,1,0.0,234.996,0.00,491.01,0.00,change
20260608 16:45:29.360,762.033,4,1,1,0.0,234.996,0.00,490.96,0.00,change
20260608 16:45:29.408,762.083,4,1,1,0.0,234.996,0.00,490.91,0.00,change
20260608 16:45:29.459,762.133,4,1,1,0.0,234.996,0.00,490.86,0.00,change
20260608 16:45:29.508,762.183,4,1,1,0.0,234.996,0.00,490.81,0.00,change
20260608 16:45:29.559,762.233,4,1,1,0.0,234.996,0.00,490.76,0.00,change
20260608 16:45:29.608,762.283,4,1,1,0.0,234.996,0.00,490.71,0.00,change
20260608 16:45:29.659,762.333,4,1,1,0.0,234.996,0.00,490.66,0.00,change
20260608 16:45:29.708,762.383,4,1,1,0.0,234.996,0.00,490.61,0.00,change
20260608 16:45:29.759,762.433,4,1,1,0.0,234.996,0.00,490.56,0.00,change
20260608 16:45:29.808,762.483,4,1,1,0.0,234.996,0.00,490.51,0.00,change
20260608 16:45:29.858,762.533,4,1,1,0.0,234.996,0.00,490.46,0.00,change
20260608 16:45:29.907,762.583,4,1,1,0.0,234.996,0.00,490.41,0.00,change
20260608 16:45:29.958,762.633,4,1,1,0.0,234.996,0.00,490.36,0.00,change
20260608 16:45:30.008,762.683,4,1,1,0.0,234.996,0.00,490.31,0.00,change
20260608 16:45:30.058,762.733,4,1,1,0.0,234.996,0.00,490.25,0.00,change
20260608 16:45:30.107,762.783,4,1,1,0.0,234.996,0.00,490.20,0.00,change
20260608 16:45:30.159,762.833,4,1,1,0.0,234.996,0.00,490.15,0.00,change
20260608 16:45:30.208,762.883,4,1,1,0.0,234.996,0.00,490.10,0.00,change
20260608 16:45:30.260,762.933,4,1,1,0.0,234.996,0.00,490.05,0.00,change
20260608 16:45:30.307,762.983,4,1,1,0.0,234.996,0.00,490.00,0.00,change
20260608 16:45:30.359,763.033,4,1,1,0.0,234.996,0.00,489.95,0.00,change
20260608 16:45:30.409,763.083,4,1,1,0.0,234.996,0.00,489.90,0.00,change
20260608 16:45:30.458,763.133,4,1,1,0.0,234.996,0.00,489.85,0.00,change
20260608 16:45:30.509,763.183,4,1,1,0.0,234.996,0.00,489.80,0.00,change
20260608 16:45:30.559,763.233,4,1,1,0.0,234.996,0.00,489.75,0.00,change
20260608 16:45:30.608,763.283,4,1,1,0.0,234.996,0.00,489.70,0.00,change
20260608 16:45:30.658,763.333,4,1,1,0.0,234.996,0.00,489.65,0.00,change
20260608 16:45:30.708,763.383,4,1,1,0.0,234.996,0.00,489.60,0.00,change
20260608 16:45:30.758,763.433,4,1,1,0.0,234.996,0.00,489.55,0.00,change
20260608 16:45:30.809,763.483,4,1,1,0.0,234.996,0.00,489.50,0.00,change
20260608 16:45:30.858,763.533,4,1,1,0.0,234.996,0.00,489.45,0.00,change
20260608 16:45:30.908,763.583,4,1,1,0.0,234.996,0.00,489.40,0.00,change
20260608 16:45:30.958,763.633,4,1,1,0.0,234.996,0.00,489.35,0.00,change
20260608 16:45:31.008,763.683,4,1,1,0.0,234.996,0.00,489.30,0.00,change
20260608 16:45:31.058,763.733,4,1,1,0.0,234.996,0.00,489.24,0.00,change
20260608 16:45:31.108,763.783,4,1,1,0.0,234.996,0.00,489.19,0.00,change
20260608 16:45:31.158,763.833,4,1,1,0.0,234.996,0.00,489.14,0.00,change
20260608 16:45:31.209,763.883,4,1,1,0.0,234.996,0.00,489.09,0.00,change
20260608 16:45:31.258,763.933,4,1,1,0.0,234.996,0.00,489.04,0.00,change
20260608 16:45:31.308,763.983,4,1,1,0.0,234.996,0.00,488.99,0.00,change
20260608 16:45:31.359,764.033,4,1,1,0.0,234.996,0.00,488.94,0.00,change
20260608 16:45:31.407,764.083,4,1,1,0.0,234.996,0.00,488.89,0.00,change
20260608 16:45:31.459,764.133,4,1,1,0.0,234.996,0.00,488.84,0.00,change
20260608 16:45:31.507,764.183,4,1,1,0.0,234.996,0.00,488.79,0.00,change
20260608 16:45:31.558,764.233,4,1,1,0.0,234.996,0.00,488.74,0.00,change
20260608 16:45:31.609,764.283,4,1,1,0.0,234.996,0.00,488.69,0.00,change
20260608 16:45:31.657,764.333,4,1,1,0.0,234.996,0.00,488.64,0.00,change
20260608 16:45:31.708,764.383,4,1,1,0.0,234.996,0.00,488.59,0.00,change
20260608 16:45:31.758,764.433,4,1,1,0.0,234.996,0.00,488.54,0.00,change
20260608 16:45:31.809,764.483,4,1,1,0.0,234.996,0.00,488.49,0.00,change
20260608 16:45:31.859,764.533,4,1,1,0.0,234.996,0.00,488.44,0.00,change
20260608 16:45:31.910,764.583,4,1,1,0.0,234.996,0.00,488.39,0.00,change
20260608 16:45:31.958,764.633,4,1,1,0.0,234.996,0.00,488.34,0.00,change
20260608 16:45:32.009,764.683,4,1,1,0.0,234.996,0.00,488.29,0.00,change
20260608 16:45:32.059,764.733,4,1,1,0.0,234.996,0.00,488.23,0.00,change
20260608 16:45:32.110,764.783,4,1,1,0.0,234.996,0.00,488.18,0.00,change
20260608 16:45:32.159,764.833,4,1,1,0.0,234.996,0.00,488.13,0.00,change
20260608 16:45:32.210,764.883,4,1,1,0.0,234.996,0.00,488.08,0.00,change
20260608 16:45:32.258,764.933,4,1,1,0.0,234.996,0.00,488.03,0.00,change
20260608 16:45:32.308,764.983,4,1,1,0.0,234.996,0.00,487.98,0.00,change
20260608 16:45:32.359,765.033,4,1,1,0.0,234.996,0.00,487.93,0.00,change
20260608 16:45:32.408,765.083,4,1,1,0.0,234.996,0.00,487.88,0.00,change
20260608 16:45:32.457,765.133,4,1,1,0.0,234.996,0.00,487.83,0.00,change
20260608 16:45:32.507,765.183,4,1,1,0.0,234.996,0.00,487.78,0.00,change
20260608 16:45:32.559,765.233,4,1,1,0.0,234.996,0.00,487.73,0.00,change
20260608 16:45:32.608,765.283,4,1,1,0.0,234.996,0.00,487.68,0.00,change
20260608 16:45:32.658,765.333,4,1,1,0.0,234.996,0.00,487.63,0.00,change
20260608 16:45:32.708,765.383,4,1,1,0.0,234.996,0.00,487.58,0.00,change
20260608 16:45:32.759,765.433,4,1,1,0.0,234.996,0.00,487.53,0.00,change
20260608 16:45:32.810,765.483,4,1,1,0.0,234.996,0.00,487.48,0.00,change
20260608 16:45:32.859,765.533,4,1,1,0.0,234.996,0.00,487.43,0.00,change
20260608 16:45:32.909,765.583,4,1,1,0.0,234.996,0.00,487.38,0.00,change
20260608 16:45:32.959,765.633,4,1,1,0.0,234.996,0.00,487.33,0.00,change
20260608 16:45:33.008,765.683,4,1,1,0.0,234.996,0.00,487.28,0.00,change
20260608 16:45:33.058,765.733,4,1,1,0.0,234.996,0.00,487.22,0.00,change
20260608 16:45:33.108,765.783,4,1,1,0.0,234.996,0.00,487.17,0.00,change
20260608 16:45:33.158,765.833,4,1,1,0.0,234.996,0.00,487.12,0.00,change
20260608 16:45:33.209,765.883,4,1,1,0.0,234.996,0.00,487.07,0.00,change
20260608 16:45:33.259,765.933,4,1,1,0.0,234.996,0.00,487.02,0.00,change
20260608 16:45:33.309,765.983,4,1,1,0.0,234.996,0.00,486.97,0.00,change
20260608 16:45:33.360,766.033,4,1,1,0.0,234.996,0.00,486.92,0.00,change
20260608 16:45:33.408,766.083,4,1,1,0.0,234.996,0.00,486.87,0.00,change
20260608 16:45:33.459,766.133,4,1,1,0.0,234.996,0.00,486.82,0.00,change
20260608 16:45:33.509,766.183,4,1,1,0.0,234.996,0.00,486.77,0.00,change
20260608 16:45:33.559,766.233,4,1,1,0.0,234.996,0.00,486.72,0.00,change
20260608 16:45:33.608,766.283,4,1,1,0.0,234.996,0.00,486.67,0.00,change
20260608 16:45:33.659,766.333,4,1,1,0.0,234.996,0.00,486.62,0.00,change
20260608 16:45:33.710,766.383,4,1,1,0.0,234.996,0.00,486.57,0.00,change
20260608 16:45:33.758,766.433,4,1,1,0.0,234.996,0.00,486.52,0.00,change
20260608 16:45:33.808,766.483,4,1,1,0.0,234.996,0.00,486.47,0.00,change
20260608 16:45:33.858,766.533,4,1,1,0.0,234.996,0.00,486.42,0.00,change
20260608 16:45:33.909,766.583,4,1,1,0.0,234.996,0.00,486.37,0.00,change
20260608 16:45:33.959,766.633,4,1,1,0.0,234.996,0.00,486.32,0.00,change
20260608 16:45:34.008,766.683,4,1,1,0.0,234.996,0.00,486.27,0.00,change
20260608 16:45:34.058,766.733,4,1,1,0.0,234.996,0.00,486.21,0.00,change
20260608 16:45:34.108,766.783,4,1,1,0.0,234.996,0.00,486.16,0.00,change
20260608 16:45:34.158,766.833,4,1,1,0.0,234.996,0.00,486.11,0.00,change
20260608 16:45:34.208,766.883,4,1,1,0.0,234.996,0.00,486.06,0.00,change
20260608 16:45:34.259,766.933,4,1,1,0.0,234.996,0.00,486.01,0.00,change
20260608 16:45:34.308,766.983,4,1,1,0.0,234.996,0.00,485.96,0.00,change
20260608 16:45:34.359,767.033,4,1,1,0.0,234.996,0.00,485.91,0.00,change
20260608 16:45:34.408,767.083,4,1,1,0.0,234.996,0.00,485.86,0.00,change
20260608 16:45:34.458,767.133,4,1,1,0.0,234.996,0.00,485.81,0.00,change
20260608 16:45:34.509,767.183,4,1,1,0.0,234.996,0.00,485.76,0.00,change
20260608 16:45:34.558,767.233,4,1,1,0.0,234.996,0.00,485.71,0.00,change
20260608 16:45:34.608,767.283,4,1,1,0.0,234.996,0.00,485.66,0.00,change
20260608 16:45:34.658,767.333,4,1,1,0.0,234.996,0.00,485.61,0.00,change
20260608 16:45:34.709,767.383,4,1,1,0.0,234.996,0.00,485.56,0.00,change
20260608 16:45:34.759,767.433,4,1,1,0.0,234.996,0.00,485.51,0.00,change
20260608 16:45:34.809,767.483,4,1,1,0.0,234.996,0.00,485.46,0.00,change
20260608 16:45:34.858,767.533,4,1,1,0.0,234.996,0.00,485.41,0.00,change
20260608 16:45:34.908,767.583,4,1,1,0.0,234.996,0.00,485.36,0.00,change
20260608 16:45:34.958,767.633,4,1,1,0.0,234.996,0.00,485.31,0.00,change
20260608 16:45:35.009,767.683,4,1,1,0.0,234.996,0.00,485.26,0.00,change
20260608 16:45:35.058,767.733,4,1,1,0.0,234.996,0.00,485.20,0.00,change
20260608 16:45:35.108,767.783,4,1,1,0.0,234.996,0.00,485.15,0.00,change
20260608 16:45:35.159,767.833,4,1,1,0.0,234.996,0.00,485.10,0.00,change
20260608 16:45:35.209,767.883,4,1,1,0.0,234.996,0.00,485.05,0.00,change
20260608 16:45:35.259,767.933,4,1,1,0.0,234.996,0.00,485.00,0.00,change
20260608 16:45:35.308,767.983,4,1,1,0.0,234.996,0.00,484.95,0.00,change
20260608 16:45:35.358,768.033,4,1,1,0.0,234.996,0.00,484.90,0.00,change
20260608 16:45:35.408,768.083,4,1,1,0.0,234.996,0.00,484.85,0.00,change
20260608 16:45:35.459,768.133,4,1,1,0.0,234.996,0.00,484.80,0.00,change
20260608 16:45:35.509,768.183,4,1,1,0.0,234.996,0.00,484.75,0.00,change
20260608 16:45:35.559,768.233,4,1,1,0.0,234.996,0.00,484.70,0.00,change
20260608 16:45:35.609,768.283,4,1,1,0.0,234.996,0.00,484.65,0.00,change
20260608 16:45:35.658,768.333,4,1,1,0.0,234.996,0.00,484.60,0.00,change
20260608 16:45:35.708,768.383,4,1,1,0.0,234.996,0.00,484.55,0.00,change
20260608 16:45:35.757,768.433,4,1,1,0.0,234.996,0.00,484.50,0.00,change
20260608 16:45:35.808,768.483,4,1,1,0.0,234.996,0.00,484.45,0.00,change
20260608 16:45:35.859,768.533,4,1,1,0.0,234.996,0.00,484.40,0.00,change
20260608 16:45:35.908,768.583,4,1,1,0.0,234.996,0.00,484.35,0.00,change
20260608 16:45:35.958,768.633,4,1,1,0.0,234.996,0.00,484.30,0.00,change
20260608 16:45:36.008,768.683,4,1,1,0.0,234.996,0.00,484.24,0.00,change
20260608 16:45:36.059,768.733,4,1,1,0.0,234.996,0.00,484.19,0.00,change
20260608 16:45:36.108,768.783,4,1,1,0.0,234.996,0.00,484.14,0.00,change
20260608 16:45:36.159,768.833,4,1,1,0.0,234.996,0.00,484.09,0.00,change
20260608 16:45:36.209,768.883,4,1,1,0.0,234.996,0.00,484.04,0.00,change
20260608 16:45:36.259,768.933,4,1,1,0.0,234.996,0.00,483.99,0.00,change
20260608 16:45:36.308,768.983,4,1,1,0.0,234.996,0.00,483.94,0.00,change
20260608 16:45:36.359,769.033,4,1,1,0.0,234.996,0.00,483.89,0.00,change
20260608 16:45:36.409,769.083,4,1,1,0.0,234.996,0.00,483.84,0.00,change
20260608 16:45:36.460,769.133,4,1,1,0.0,234.996,0.00,483.79,0.00,change
20260608 16:45:36.509,769.183,4,1,1,0.0,234.996,0.00,483.74,0.00,change
20260608 16:45:36.558,769.233,4,1,1,0.0,234.996,0.00,483.69,0.00,change
20260608 16:45:36.609,769.283,4,1,1,0.0,234.996,0.00,483.64,0.00,change
20260608 16:45:36.658,769.333,4,1,1,0.0,234.996,0.00,483.59,0.00,change
20260608 16:45:36.708,769.383,4,1,1,0.0,234.996,0.00,483.54,0.00,change
20260608 16:45:36.759,769.433,4,1,1,0.0,234.996,0.00,483.49,0.00,change
20260608 16:45:36.808,769.483,4,1,1,0.0,234.996,0.00,483.44,0.00,change
20260608 16:45:36.859,769.533,4,1,1,0.0,234.996,0.00,483.39,0.00,change
20260608 16:45:36.908,769.583,4,1,1,0.0,234.996,0.00,483.34,0.00,change
20260608 16:45:36.959,769.633,4,1,1,0.0,234.996,0.00,483.29,0.00,change
20260608 16:45:37.008,769.683,4,1,1,0.0,234.996,0.00,483.23,0.00,change
20260608 16:45:37.058,769.733,4,1,1,0.0,234.996,0.00,483.18,0.00,change
20260608 16:45:37.108,769.783,4,1,1,0.0,234.996,0.00,483.13,0.00,change
20260608 16:45:37.159,769.833,4,1,1,0.0,234.996,0.00,483.08,0.00,change
20260608 16:45:37.209,769.883,4,1,1,0.0,234.996,0.00,483.03,0.00,change
20260608 16:45:37.259,769.933,4,1,1,0.0,234.996,0.00,482.98,0.00,change
20260608 16:45:37.309,769.983,4,1,1,0.0,234.996,0.00,482.93,0.00,change
20260608 16:45:37.358,770.033,4,1,1,0.0,234.996,0.00,482.88,0.00,change
20260608 16:45:37.409,770.083,4,1,1,0.0,234.996,0.00,482.83,0.00,change
20260608 16:45:37.458,770.133,4,1,1,0.0,234.996,0.00,482.78,0.00,change
20260608 16:45:37.508,770.183,4,1,1,0.0,234.996,0.00,482.73,0.00,change
20260608 16:45:37.559,770.233,4,1,1,0.0,234.996,0.00,482.68,0.00,change
20260608 16:45:37.609,770.283,4,1,1,0.0,234.996,0.00,482.63,0.00,change
20260608 16:45:37.658,770.333,4,1,1,0.0,234.996,0.00,482.58,0.00,change
20260608 16:45:37.709,770.383,4,1,1,0.0,234.996,0.00,482.53,0.00,change
20260608 16:45:37.759,770.433,4,1,1,0.0,234.996,0.00,482.48,0.00,change
20260608 16:45:37.809,770.483,4,1,1,0.0,234.996,0.00,482.43,0.00,change
20260608 16:45:37.858,770.533,4,1,1,0.0,234.996,0.00,482.38,0.00,change
20260608 16:45:37.909,770.583,4,1,1,0.0,234.996,0.00,482.33,0.00,change
20260608 16:45:37.960,770.633,4,1,1,0.0,234.996,0.00,482.28,0.00,change
20260608 16:45:38.009,770.683,4,1,1,0.0,234.996,0.00,482.22,0.00,change
20260608 16:45:38.059,770.733,4,1,1,0.0,234.996,0.00,482.17,0.00,change
20260608 16:45:38.107,770.783,4,1,1,0.0,234.996,0.00,482.12,0.00,change
20260608 16:45:38.158,770.833,4,1,1,0.0,234.996,0.00,482.07,0.00,change
20260608 16:45:38.208,770.883,4,1,1,0.0,234.996,0.00,482.02,0.00,change
20260608 16:45:38.258,770.933,4,1,1,0.0,234.996,0.00,481.97,0.00,change
20260608 16:45:38.308,770.983,4,1,1,0.0,234.996,0.00,481.92,0.00,change
20260608 16:45:38.359,771.033,4,1,1,0.0,234.996,0.00,481.87,0.00,change
20260608 16:45:38.409,771.083,4,1,1,0.0,234.996,0.00,481.82,0.00,change
20260608 16:45:38.460,771.133,4,1,1,0.0,234.996,0.00,481.77,0.00,change
20260608 16:45:38.509,771.183,4,1,1,0.0,234.996,0.00,481.72,0.00,change
20260608 16:45:38.559,771.233,4,1,1,0.0,234.996,0.00,481.67,0.00,change
20260608 16:45:38.608,771.283,4,1,1,0.0,234.996,0.00,481.62,0.00,change
20260608 16:45:38.658,771.333,4,1,1,0.0,234.996,0.00,481.57,0.00,change
20260608 16:45:38.708,771.383,4,1,1,0.0,234.996,0.00,481.52,0.00,change
20260608 16:45:38.758,771.433,4,1,1,0.0,234.996,0.00,481.47,0.00,change
20260608 16:45:38.808,771.483,4,1,1,0.0,234.996,0.00,481.42,0.00,change
20260608 16:45:38.858,771.533,4,1,1,0.0,234.996,0.00,481.37,0.00,change
20260608 16:45:38.909,771.583,4,1,1,0.0,234.996,0.00,481.32,0.00,change
20260608 16:45:38.958,771.633,4,1,1,0.0,234.996,0.00,481.27,0.00,change
20260608 16:45:39.008,771.683,4,1,1,0.0,234.996,0.00,481.21,0.00,change
20260608 16:45:39.059,771.733,4,1,1,0.0,234.996,0.00,481.16,0.00,change
20260608 16:45:39.110,771.783,4,1,1,0.0,234.996,0.00,481.11,0.00,change
20260608 16:45:39.159,771.833,4,1,1,0.0,234.996,0.00,481.06,0.00,change
20260608 16:45:39.208,771.883,4,1,1,0.0,234.996,0.00,481.01,0.00,change
20260608 16:45:39.257,771.933,4,1,1,0.0,234.996,0.00,480.96,0.00,change
20260608 16:45:39.308,771.983,4,1,1,0.0,234.996,0.00,480.91,0.00,change
20260608 16:45:39.358,772.033,4,1,1,0.0,234.996,0.00,480.86,0.00,change
20260608 16:45:39.408,772.083,4,1,1,0.0,234.996,0.00,480.81,0.00,change
20260608 16:45:39.458,772.133,4,1,1,0.0,234.996,0.00,480.76,0.00,change
20260608 16:45:39.509,772.183,4,1,1,0.0,234.996,0.00,480.71,0.00,change
20260608 16:45:39.558,772.233,4,1,1,0.0,234.996,0.00,480.66,0.00,change
20260608 16:45:39.609,772.283,4,1,1,0.0,234.996,0.00,480.61,0.00,change
20260608 16:45:39.659,772.333,4,1,1,0.0,234.996,0.00,480.56,0.00,change
20260608 16:45:39.709,772.383,4,1,1,0.0,234.996,0.00,480.51,0.00,change
20260608 16:45:39.758,772.433,4,1,1,0.0,234.996,0.00,480.46,0.00,change
20260608 16:45:39.808,772.483,4,1,1,0.0,234.996,0.00,480.41,0.00,change
20260608 16:45:39.858,772.533,4,1,1,0.0,234.996,0.00,480.36,0.00,change
20260608 16:45:39.909,772.583,4,1,1,0.0,234.996,0.00,480.31,0.00,change
20260608 16:45:39.959,772.633,4,1,1,0.0,234.996,0.00,480.26,0.00,change
20260608 16:45:40.009,772.683,4,1,1,0.0,234.996,0.00,480.20,0.00,change
20260608 16:45:40.059,772.733,4,1,1,0.0,234.996,0.00,480.15,0.00,change
20260608 16:45:40.108,772.783,4,1,1,0.0,234.996,0.00,480.10,0.00,change
20260608 16:45:40.157,772.833,4,1,1,0.0,234.996,0.00,480.05,0.00,change
20260608 16:45:40.208,772.883,4,1,1,0.0,234.996,0.00,480.00,0.00,change
20260608 16:45:40.258,772.933,4,1,1,0.0,234.996,0.00,479.95,0.00,change
20260608 16:45:40.308,772.983,4,1,1,0.0,234.996,0.00,479.90,0.00,change
20260608 16:45:40.358,773.033,4,1,1,0.0,234.996,0.00,479.85,0.00,change
20260608 16:45:40.409,773.083,4,1,1,0.0,234.996,0.00,479.80,0.00,change
20260608 16:45:40.458,773.133,4,1,1,0.0,234.996,0.00,479.75,0.00,change
20260608 16:45:40.508,773.183,4,1,1,0.0,234.996,0.00,479.70,0.00,change
20260608 16:45:40.559,773.233,4,1,1,0.0,234.996,0.00,479.65,0.00,change
20260608 16:45:40.610,773.283,4,1,1,0.0,234.996,0.00,479.60,0.00,change
20260608 16:45:40.658,773.333,4,1,1,0.0,234.996,0.00,479.55,0.00,change
20260608 16:45:40.708,773.383,4,1,1,0.0,234.996,0.00,479.50,0.00,change
20260608 16:45:40.758,773.433,4,1,1,0.0,234.996,0.00,479.45,0.00,change
20260608 16:45:40.809,773.483,4,1,1,0.0,234.996,0.00,479.40,0.00,change
20260608 16:45:40.858,773.533,4,1,1,0.0,234.996,0.00,479.35,0.00,change
20260608 16:45:40.908,773.583,4,1,1,0.0,234.996,0.00,479.30,0.00,change
20260608 16:45:40.959,773.633,4,1,1,0.0,234.996,0.00,479.25,0.00,change
20260608 16:45:41.008,773.683,4,1,1,0.0,234.996,0.00,479.19,0.00,change
20260608 16:45:41.058,773.733,4,1,1,0.0,234.996,0.00,479.14,0.00,change
20260608 16:45:41.109,773.783,4,1,1,0.0,234.996,0.00,479.09,0.00,change
20260608 16:45:41.158,773.833,4,1,1,0.0,234.996,0.00,479.04,0.00,change
20260608 16:45:41.209,773.883,4,1,1,0.0,234.996,0.00,478.99,0.00,change
20260608 16:45:41.258,773.933,4,1,1,0.0,234.996,0.00,478.94,0.00,change
20260608 16:45:41.308,773.983,4,1,1,0.0,234.996,0.00,478.89,0.00,change
20260608 16:45:41.358,774.033,4,1,1,0.0,234.996,0.00,478.84,0.00,change
20260608 16:45:41.408,774.083,4,1,1,0.0,234.996,0.00,478.79,0.00,change
20260608 16:45:41.458,774.133,4,1,1,0.0,234.996,0.00,478.74,0.00,change
20260608 16:45:41.508,774.183,4,1,1,0.0,234.996,0.00,478.69,0.00,change
20260608 16:45:41.557,774.233,4,1,1,0.0,234.996,0.00,478.64,0.00,change
20260608 16:45:41.609,774.283,4,1,1,0.0,234.996,0.00,478.59,0.00,change
20260608 16:45:41.658,774.333,4,1,1,0.0,234.996,0.00,478.54,0.00,change
20260608 16:45:41.709,774.383,4,1,1,0.0,234.996,0.00,478.49,0.00,change
20260608 16:45:41.759,774.433,4,1,1,0.0,234.996,0.00,478.44,0.00,change
20260608 16:45:41.808,774.483,4,1,1,0.0,234.996,0.00,478.39,0.00,change
20260608 16:45:41.859,774.533,4,1,1,0.0,234.996,0.00,478.34,0.00,change
20260608 16:45:41.907,774.583,4,1,1,0.0,234.996,0.00,478.29,0.00,change
20260608 16:45:41.958,774.633,4,1,1,0.0,234.996,0.00,478.24,0.00,change
20260608 16:45:42.008,774.683,4,1,1,0.0,234.996,0.00,478.18,0.00,change
20260608 16:45:42.057,774.733,4,1,1,0.0,234.996,0.00,478.13,0.00,change
20260608 16:45:42.108,774.783,4,1,1,0.0,234.996,0.00,478.08,0.00,change
20260608 16:45:42.158,774.833,4,1,1,0.0,234.996,0.00,478.03,0.00,change
20260608 16:45:42.208,774.883,4,1,1,0.0,234.996,0.00,477.98,0.00,change
20260608 16:45:42.258,774.933,4,1,1,0.0,234.996,0.00,477.93,0.00,change
20260608 16:45:42.308,774.983,4,1,1,0.0,234.996,0.00,477.88,0.00,change
20260608 16:45:42.357,775.033,4,1,1,0.0,234.996,0.00,477.83,0.00,change
20260608 16:45:42.408,775.083,4,1,1,0.0,234.996,0.00,477.78,0.00,change
20260608 16:45:42.459,775.133,4,1,1,0.0,234.996,0.00,477.73,0.00,change
20260608 16:45:42.508,775.183,4,1,1,0.0,234.996,0.00,477.68,0.00,change
20260608 16:45:42.557,775.233,4,1,1,0.0,234.996,0.00,477.63,0.00,change
20260608 16:45:42.608,775.283,4,1,1,0.0,234.996,0.00,477.58,0.00,change
20260608 16:45:42.658,775.333,4,1,1,0.0,234.996,0.00,477.53,0.00,change
20260608 16:45:42.708,775.383,4,1,1,0.0,234.996,0.00,477.48,0.00,change
20260608 16:45:42.758,775.433,4,1,1,0.0,234.996,0.00,477.43,0.00,change
20260608 16:45:42.808,775.483,4,1,1,0.0,234.996,0.00,477.38,0.00,change
20260608 16:45:42.857,775.533,4,1,1,0.0,234.996,0.00,477.33,0.00,change
20260608 16:45:42.907,775.583,4,1,1,0.0,234.996,0.00,477.28,0.00,change
20260608 16:45:42.958,775.633,4,1,1,0.0,234.996,0.00,477.23,0.00,change
20260608 16:45:43.007,775.683,4,1,1,0.0,234.996,0.00,477.17,0.00,change
20260608 16:45:43.057,775.733,4,1,1,0.0,234.996,0.00,477.12,0.00,change
20260608 16:45:43.109,775.783,4,1,1,0.0,234.996,0.00,477.07,0.00,change
20260608 16:45:43.157,775.833,4,1,1,0.0,234.996,0.00,477.02,0.00,change
20260608 16:45:43.207,775.883,4,1,1,0.0,234.996,0.00,476.97,0.00,change
20260608 16:45:43.258,775.933,4,1,1,0.0,234.996,0.00,476.92,0.00,change
20260608 16:45:43.307,775.983,4,1,1,0.0,234.996,0.00,476.87,0.00,change
20260608 16:45:43.357,776.033,4,1,1,0.0,234.996,0.00,476.82,0.00,change
20260608 16:45:43.407,776.083,4,1,1,0.0,234.996,0.00,476.77,0.00,change
20260608 16:45:43.458,776.133,4,1,1,0.0,234.996,0.00,476.72,0.00,change
20260608 16:45:43.507,776.183,4,1,1,0.0,234.996,0.00,476.67,0.00,change
20260608 16:45:43.557,776.233,4,1,1,0.0,234.996,0.00,476.62,0.00,change
20260608 16:45:43.609,776.283,4,1,1,0.0,234.996,0.00,476.57,0.00,change
20260608 16:45:43.658,776.333,4,1,1,0.0,234.996,0.00,476.52,0.00,change
20260608 16:45:43.708,776.383,4,1,1,0.0,234.996,0.00,476.47,0.00,change
20260608 16:45:43.758,776.433,4,1,1,0.0,234.996,0.00,476.42,0.00,change
20260608 16:45:43.808,776.483,4,1,1,0.0,234.996,0.00,476.37,0.00,change
20260608 16:45:43.858,776.533,4,1,1,0.0,234.996,0.00,476.32,0.00,change
20260608 16:45:43.910,776.583,4,1,1,0.0,234.996,0.00,476.27,0.00,change
20260608 16:45:43.958,776.633,4,1,1,0.0,234.996,0.00,476.22,0.00,change
20260608 16:45:44.007,776.683,4,1,1,0.0,234.996,0.00,476.16,0.00,change
20260608 16:45:44.058,776.733,4,1,1,0.0,234.996,0.00,476.11,0.00,change
20260608 16:45:44.108,776.783,4,1,1,0.0,234.996,0.00,476.06,0.00,change
20260608 16:45:44.158,776.833,4,1,1,0.0,234.996,0.00,476.01,0.00,change
20260608 16:45:44.207,776.883,4,1,1,0.0,234.996,0.00,475.96,0.00,change
20260608 16:45:44.257,776.933,4,1,1,0.0,234.996,0.00,475.91,0.00,change
20260608 16:45:44.307,776.983,4,1,1,0.0,234.996,0.00,475.86,0.00,change
20260608 16:45:44.357,777.033,4,1,1,0.0,234.996,0.00,475.81,0.00,change
20260608 16:45:44.407,777.083,4,1,1,0.0,234.996,0.00,475.76,0.00,change
20260608 16:45:44.458,777.133,4,1,1,0.0,234.996,0.00,475.71,0.00,change
20260608 16:45:44.508,777.183,4,1,1,0.0,234.996,0.00,475.66,0.00,change
20260608 16:45:44.558,777.233,4,1,1,0.0,234.996,0.00,475.61,0.00,change
20260608 16:45:44.609,777.283,4,1,1,0.0,234.996,0.00,475.56,0.00,change
20260608 16:45:44.658,777.333,4,1,1,0.0,234.996,0.00,475.51,0.00,change
20260608 16:45:44.707,777.383,4,1,1,0.0,234.996,0.00,475.46,0.00,change
20260608 16:45:44.758,777.433,4,1,1,0.0,234.996,0.00,475.41,0.00,change
20260608 16:45:44.808,777.483,4,1,1,0.0,234.996,0.00,475.36,0.00,change
20260608 16:45:44.858,777.533,4,1,1,0.0,234.996,0.00,475.31,0.00,change
20260608 16:45:44.907,777.583,4,1,1,0.0,234.996,0.00,475.26,0.00,change
20260608 16:45:44.958,777.633,4,1,1,0.0,234.996,0.00,475.21,0.00,change
20260608 16:45:45.007,777.683,4,1,1,0.0,234.996,0.00,475.15,0.00,change
20260608 16:45:45.057,777.733,4,1,1,0.0,234.996,0.00,475.10,0.00,change
20260608 16:45:45.108,777.783,4,1,1,0.0,234.996,0.00,475.05,0.00,change
20260608 16:45:45.157,777.833,4,1,1,0.0,234.996,0.00,475.00,0.00,change
20260608 16:45:45.207,777.883,4,1,1,0.0,234.996,0.00,474.95,0.00,change
20260608 16:45:45.258,777.933,4,1,1,0.0,234.996,0.00,474.90,0.00,change
20260608 16:45:45.308,777.983,4,1,1,0.0,234.996,0.00,474.85,0.00,change
20260608 16:45:45.357,778.033,4,1,1,0.0,234.996,0.00,474.80,0.00,change
20260608 16:45:45.407,778.083,4,1,1,0.0,234.996,0.00,474.75,0.00,change
20260608 16:45:45.458,778.133,4,1,1,0.0,234.996,0.00,474.70,0.00,change
20260608 16:45:45.507,778.183,4,1,1,0.0,234.996,0.00,474.65,0.00,change
20260608 16:45:45.558,778.233,4,1,1,0.0,234.996,0.00,474.60,0.00,change
20260608 16:45:45.609,778.283,4,1,1,0.0,234.996,0.00,474.55,0.00,change
20260608 16:45:45.657,778.333,4,1,1,0.0,234.996,0.00,474.50,0.00,change
20260608 16:45:45.708,778.383,4,1,1,0.0,234.996,0.00,474.45,0.00,change
20260608 16:45:45.758,778.433,4,1,1,0.0,234.996,0.00,474.40,0.00,change
20260608 16:45:45.807,778.483,4,1,1,0.0,234.996,0.00,474.35,0.00,change
20260608 16:45:45.857,778.533,4,1,1,0.0,234.996,0.00,474.30,0.00,change
20260608 16:45:45.907,778.583,4,1,1,0.0,234.996,0.00,474.25,0.00,change
20260608 16:45:45.957,778.633,4,1,1,0.0,234.996,0.00,474.20,0.00,change
20260608 16:45:46.008,778.683,4,1,1,0.0,234.996,0.00,474.14,0.00,change
20260608 16:45:46.058,778.733,4,1,1,0.0,234.996,0.00,474.09,0.00,change
20260608 16:45:46.109,778.783,4,1,1,0.0,234.996,0.00,474.04,0.00,change
20260608 16:45:46.158,778.833,4,1,1,0.0,234.996,0.00,473.99,0.00,change
20260608 16:45:46.208,778.883,4,1,1,0.0,234.996,0.00,473.94,0.00,change
20260608 16:45:46.257,778.933,4,1,1,0.0,234.996,0.00,473.89,0.00,change
20260608 16:45:46.308,778.983,4,1,1,0.0,234.996,0.00,473.84,0.00,change
20260608 16:45:46.358,779.033,4,1,1,0.0,234.996,0.00,473.79,0.00,change
20260608 16:45:46.408,779.083,4,1,1,0.0,234.996,0.00,473.74,0.00,change
20260608 16:45:46.457,779.133,4,1,1,0.0,234.996,0.00,473.69,0.00,change
20260608 16:45:46.507,779.183,4,1,1,0.0,234.996,0.00,473.64,0.00,change
20260608 16:45:46.558,779.233,4,1,1,0.0,234.996,0.00,473.59,0.00,change
20260608 16:45:46.608,779.283,4,1,1,0.0,234.996,0.00,473.54,0.00,change
20260608 16:45:46.657,779.333,4,1,1,0.0,234.996,0.00,473.49,0.00,change
20260608 16:45:46.709,779.383,4,1,1,0.0,234.996,0.00,473.44,0.00,change
20260608 16:45:46.758,779.433,4,1,1,0.0,234.996,0.00,473.39,0.00,change
20260608 16:45:46.807,779.483,4,1,1,0.0,234.996,0.00,473.34,0.00,change
20260608 16:45:46.858,779.533,4,1,1,0.0,234.996,0.00,473.29,0.00,change
20260608 16:45:46.908,779.583,4,1,1,0.0,234.996,0.00,473.24,0.00,change
20260608 16:45:46.957,779.633,4,1,1,0.0,234.996,0.00,473.19,0.00,change
20260608 16:45:47.007,779.683,4,1,1,0.0,234.996,0.00,473.13,0.00,change
20260608 16:45:47.057,779.733,4,1,1,0.0,234.996,0.00,473.08,0.00,change
20260608 16:45:47.108,779.783,4,1,1,0.0,234.996,0.00,473.03,0.00,change
20260608 16:45:47.158,779.833,4,1,1,0.0,234.996,0.00,472.98,0.00,change
20260608 16:45:47.208,779.883,4,1,1,0.0,234.996,0.00,472.93,0.00,change
20260608 16:45:47.258,779.933,4,1,1,0.0,234.996,0.00,472.88,0.00,change
20260608 16:45:47.308,779.983,4,1,1,0.0,234.996,0.00,472.83,0.00,change
20260608 16:45:47.357,780.033,4,1,1,0.0,234.996,0.00,472.78,0.00,change
20260608 16:45:47.407,780.083,4,1,1,0.0,234.996,0.00,472.73,0.00,change
20260608 16:45:47.457,780.133,4,1,1,0.0,234.996,0.00,472.68,0.00,change
20260608 16:45:47.507,780.183,4,1,1,0.0,234.996,0.00,472.63,0.00,change
20260608 16:45:47.557,780.233,4,1,1,0.0,234.996,0.00,472.58,0.00,change
20260608 16:45:47.607,780.283,4,1,1,0.0,234.996,0.00,472.53,0.00,change
20260608 16:45:47.657,780.333,4,1,1,0.0,234.996,0.00,472.48,0.00,change
20260608 16:45:47.707,780.383,4,1,1,0.0,234.996,0.00,472.43,0.00,change
20260608 16:45:47.757,780.433,4,1,1,0.0,234.996,0.00,472.38,0.00,change
20260608 16:45:47.807,780.483,4,1,1,0.0,234.996,0.00,472.33,0.00,change
20260608 16:45:47.857,780.533,4,1,1,0.0,234.996,0.00,472.28,0.00,change
20260608 16:45:47.907,780.583,4,1,1,0.0,234.996,0.00,472.23,0.00,change
20260608 16:45:47.959,780.633,4,1,1,0.0,234.996,0.00,472.18,0.00,change
20260608 16:45:48.007,780.683,4,1,1,0.0,234.996,0.00,472.12,0.00,change
20260608 16:45:48.058,780.733,4,1,1,0.0,234.996,0.00,472.07,0.00,change
20260608 16:45:48.107,780.783,4,1,1,0.0,234.996,0.00,472.02,0.00,change
20260608 16:45:48.157,780.833,4,1,1,0.0,234.996,0.00,471.97,0.00,change
20260608 16:45:48.207,780.883,4,1,1,0.0,234.996,0.00,471.92,0.00,change
20260608 16:45:48.258,780.933,4,1,1,0.0,234.996,0.00,471.87,0.00,change
20260608 16:45:48.308,780.983,4,1,1,0.0,234.996,0.00,471.82,0.00,change
20260608 16:45:48.358,781.033,4,1,1,0.0,234.996,0.00,471.77,0.00,change
20260608 16:45:48.407,781.083,4,1,1,0.0,234.996,0.00,471.72,0.00,change
20260608 16:45:48.457,781.133,4,1,1,0.0,234.996,0.00,471.67,0.00,change
20260608 16:45:48.507,781.183,4,1,1,0.0,234.996,0.00,471.62,0.00,change
20260608 16:45:48.558,781.233,4,1,1,0.0,234.996,0.00,471.57,0.00,change
20260608 16:45:48.607,781.283,4,1,1,0.0,234.996,0.00,471.52,0.00,change
20260608 16:45:48.657,781.333,4,1,1,0.0,234.996,0.00,471.47,0.00,change
20260608 16:45:48.707,781.383,4,1,1,0.0,234.996,0.00,471.42,0.00,change
20260608 16:45:48.760,781.433,4,1,1,0.0,234.996,0.00,471.37,0.00,change
20260608 16:45:48.808,781.483,4,1,1,0.0,234.996,0.00,471.32,0.00,change
20260608 16:45:48.858,781.533,4,1,1,0.0,234.996,0.00,471.27,0.00,change
20260608 16:45:48.907,781.583,4,1,1,0.0,234.996,0.00,471.22,0.00,change
20260608 16:45:48.957,781.633,4,1,1,0.0,234.996,0.00,471.17,0.00,change
20260608 16:45:49.007,781.683,4,1,1,0.0,234.996,0.00,471.11,0.00,change
20260608 16:45:49.058,781.733,4,1,1,0.0,234.996,0.00,471.06,0.00,change
20260608 16:45:49.108,781.783,4,1,1,0.0,234.996,0.00,471.01,0.00,change
20260608 16:45:49.157,781.833,4,1,1,0.0,234.996,0.00,470.96,0.00,change
20260608 16:45:49.207,781.883,4,1,1,0.0,234.996,0.00,470.91,0.00,change
20260608 16:45:49.258,781.933,4,1,1,0.0,234.996,0.00,470.86,0.00,change
20260608 16:45:49.308,781.983,4,1,1,0.0,234.996,0.00,470.81,0.00,change
20260608 16:45:49.358,782.033,4,1,1,0.0,234.996,0.00,470.76,0.00,change
20260608 16:45:49.408,782.083,4,1,1,0.0,234.996,0.00,470.71,0.00,change
20260608 16:45:49.457,782.133,4,1,1,0.0,234.996,0.00,470.66,0.00,change
20260608 16:45:49.507,782.183,4,1,1,0.0,234.996,0.00,470.61,0.00,change
20260608 16:45:49.557,782.233,4,1,1,0.0,234.996,0.00,470.56,0.00,change
20260608 16:45:49.607,782.283,4,1,1,0.0,234.996,0.00,470.51,0.00,change
20260608 16:45:49.657,782.333,4,1,1,0.0,234.996,0.00,470.46,0.00,change
20260608 16:45:49.707,782.383,4,1,1,0.0,234.996,0.00,470.41,0.00,change
20260608 16:45:49.758,782.433,4,1,1,0.0,234.996,0.00,470.36,0.00,change
20260608 16:45:49.808,782.483,4,1,1,0.0,234.996,0.00,470.31,0.00,change
20260608 16:45:49.857,782.533,4,1,1,0.0,234.996,0.00,470.26,0.00,change
20260608 16:45:49.908,782.583,4,1,1,0.0,234.996,0.00,470.21,0.00,change
20260608 16:45:49.958,782.633,4,1,1,0.0,234.996,0.00,470.16,0.00,change
20260608 16:45:50.007,782.683,4,1,1,0.0,234.996,0.00,470.10,0.00,change
20260608 16:45:50.057,782.733,4,1,1,0.0,234.996,0.00,470.05,0.00,change
20260608 16:45:50.109,782.783,4,1,1,0.0,234.996,0.00,470.00,0.00,change
20260608 16:45:50.157,782.833,4,1,1,0.0,234.996,0.00,469.95,0.00,change
20260608 16:45:50.207,782.883,4,1,1,0.0,234.996,0.00,469.90,0.00,change
20260608 16:45:50.257,782.933,4,1,1,0.0,234.996,0.00,469.85,0.00,change
20260608 16:45:50.307,782.983,4,1,1,0.0,234.996,0.00,469.80,0.00,change
20260608 16:45:50.358,783.033,4,1,1,0.0,234.996,0.00,469.75,0.00,change
20260608 16:45:50.407,783.083,4,1,1,0.0,234.996,0.00,469.70,0.00,change
20260608 16:45:50.459,783.133,4,1,1,0.0,234.996,0.00,469.65,0.00,change
20260608 16:45:50.508,783.183,4,1,1,0.0,234.996,0.00,469.60,0.00,change
20260608 16:45:50.558,783.233,4,1,1,0.0,234.996,0.00,469.55,0.00,change
20260608 16:45:50.607,783.283,4,1,1,0.0,234.996,0.00,469.50,0.00,change
20260608 16:45:50.657,783.333,4,1,1,0.0,234.996,0.00,469.45,0.00,change
20260608 16:45:50.707,783.383,4,1,1,0.0,234.996,0.00,469.40,0.00,change
20260608 16:45:50.757,783.433,4,1,1,0.0,234.996,0.00,469.35,0.00,change
20260608 16:45:50.807,783.483,4,1,1,0.0,234.996,0.00,469.30,0.00,change
20260608 16:45:50.857,783.533,4,1,1,0.0,234.996,0.00,469.25,0.00,change
20260608 16:45:50.907,783.583,4,1,1,0.0,234.996,0.00,469.20,0.00,change
20260608 16:45:50.957,783.633,4,1,1,0.0,234.996,0.00,469.15,0.00,change
20260608 16:45:51.008,783.683,4,1,1,0.0,234.996,0.00,469.09,0.00,change
20260608 16:45:51.057,783.733,4,1,1,0.0,234.996,0.00,469.04,0.00,change
20260608 16:45:51.108,783.783,4,1,1,0.0,234.996,0.00,468.99,0.00,change
20260608 16:45:51.158,783.833,4,1,1,0.0,234.996,0.00,468.94,0.00,change
20260608 16:45:51.207,783.883,4,1,1,0.0,234.996,0.00,468.89,0.00,change
20260608 16:45:51.257,783.933,4,1,1,0.0,234.996,0.00,468.84,0.00,change
20260608 16:45:51.307,783.983,4,1,1,0.0,234.996,0.00,468.79,0.00,change
20260608 16:45:51.358,784.033,4,1,1,0.0,234.996,0.00,468.74,0.00,change
20260608 16:45:51.408,784.083,4,1,1,0.0,234.996,0.00,468.69,0.00,change
20260608 16:45:51.458,784.133,4,1,1,0.0,234.996,0.00,468.64,0.00,change
20260608 16:45:51.507,784.183,4,1,1,0.0,234.996,0.00,468.59,0.00,change
20260608 16:45:51.558,784.233,4,1,1,0.0,234.996,0.00,468.54,0.00,change
20260608 16:45:51.609,784.283,4,1,1,0.0,234.996,0.00,468.49,0.00,change
20260608 16:45:51.658,784.333,4,1,1,0.0,234.996,0.00,468.44,0.00,change
20260608 16:45:51.708,784.383,4,1,1,0.0,234.996,0.00,468.39,0.00,change
20260608 16:45:51.758,784.433,4,1,1,0.0,234.996,0.00,468.34,0.00,change
20260608 16:45:51.808,784.483,4,1,1,0.0,234.996,0.00,468.29,0.00,change
20260608 16:45:51.859,784.533,4,1,1,0.0,234.996,0.00,468.24,0.00,change
20260608 16:45:51.907,784.583,4,1,1,0.0,234.996,0.00,468.19,0.00,change
20260608 16:45:51.958,784.633,4,1,1,0.0,234.996,0.00,468.13,0.00,change
20260608 16:45:52.009,784.683,4,1,1,0.0,234.996,0.00,468.08,0.00,change
20260608 16:45:52.058,784.733,4,1,1,0.0,234.996,0.00,468.03,0.00,change
20260608 16:45:52.108,784.783,4,1,1,0.0,234.996,0.00,467.98,0.00,change
20260608 16:45:52.157,784.833,4,1,1,0.0,234.996,0.00,467.93,0.00,change
20260608 16:45:52.207,784.883,4,1,1,0.0,234.996,0.00,467.88,0.00,change
20260608 16:45:52.258,784.933,4,1,1,0.0,234.996,0.00,467.83,0.00,change
20260608 16:45:52.307,784.983,4,1,1,0.0,234.996,0.00,467.78,0.00,change
20260608 16:45:52.357,785.033,4,1,1,0.0,234.996,0.00,467.73,0.00,change
20260608 16:45:52.407,785.083,4,1,1,0.0,234.996,0.00,467.68,0.00,change
20260608 16:45:52.458,785.133,4,1,1,0.0,234.996,0.00,467.63,0.00,change
20260608 16:45:52.507,785.183,4,1,1,0.0,234.996,0.00,467.58,0.00,change
20260608 16:45:52.557,785.233,4,1,1,0.0,234.996,0.00,467.53,0.00,change
20260608 16:45:52.607,785.283,4,1,1,0.0,234.996,0.00,467.48,0.00,change
20260608 16:45:52.658,785.333,4,1,1,0.0,234.996,0.00,467.43,0.00,change
20260608 16:45:52.708,785.383,4,1,1,0.0,234.996,0.00,467.38,0.00,change
20260608 16:45:52.758,785.433,4,1,1,0.0,234.996,0.00,467.33,0.00,change
20260608 16:45:52.808,785.483,4,1,1,0.0,234.996,0.00,467.28,0.00,change
20260608 16:45:52.857,785.533,4,1,1,0.0,234.996,0.00,467.23,0.00,change
20260608 16:45:52.908,785.583,4,1,1,0.0,234.996,0.00,467.18,0.00,change
20260608 16:45:52.958,785.633,4,1,1,0.0,234.996,0.00,467.12,0.00,change
20260608 16:45:53.007,785.683,4,1,1,0.0,234.996,0.00,467.07,0.00,change
20260608 16:45:53.057,785.733,4,1,1,0.0,234.996,0.00,467.02,0.00,change
20260608 16:45:53.108,785.783,4,1,1,0.0,234.996,0.00,466.97,0.00,change
20260608 16:45:53.159,785.833,4,1,1,0.0,234.996,0.00,466.92,0.00,change
20260608 16:45:53.207,785.883,4,1,1,0.0,234.996,0.00,466.87,0.00,change
20260608 16:45:53.257,785.933,4,1,1,0.0,234.996,0.00,466.82,0.00,change
20260608 16:45:53.308,785.983,4,1,1,0.0,234.996,0.00,466.77,0.00,change
20260608 16:45:53.357,786.033,4,1,1,0.0,234.996,0.00,466.72,0.00,change
20260608 16:45:53.407,786.083,4,1,1,0.0,234.996,0.00,466.67,0.00,change
20260608 16:45:53.458,786.133,4,1,1,0.0,234.996,0.00,466.62,0.00,change
20260608 16:45:53.508,786.183,4,1,1,0.0,234.996,0.00,466.57,0.00,change
20260608 16:45:53.557,786.233,4,1,1,0.0,234.996,0.00,466.52,0.00,change
20260608 16:45:53.608,786.283,4,1,1,0.0,234.996,0.00,466.47,0.00,change
20260608 16:45:53.658,786.333,4,1,1,0.0,234.996,0.00,466.42,0.00,change
20260608 16:45:53.708,786.383,4,1,1,0.0,234.996,0.00,466.37,0.00,change
20260608 16:45:53.758,786.433,4,1,1,0.0,234.996,0.00,466.32,0.00,change
20260608 16:45:53.808,786.483,4,1,1,0.0,234.996,0.00,466.27,0.00,change
20260608 16:45:53.858,786.533,4,1,1,0.0,234.996,0.00,466.22,0.00,change
20260608 16:45:53.908,786.583,4,1,1,0.0,234.996,0.00,466.17,0.00,change
20260608 16:45:53.957,786.633,4,1,1,0.0,234.996,0.00,466.11,0.00,change
20260608 16:45:54.008,786.683,4,1,1,0.0,234.996,0.00,466.06,0.00,change
20260608 16:45:54.058,786.733,4,1,1,0.0,234.996,0.00,466.01,0.00,change
20260608 16:45:54.107,786.783,4,1,1,0.0,234.996,0.00,465.96,0.00,change
20260608 16:45:54.157,786.833,4,1,1,0.0,234.996,0.00,465.91,0.00,change
20260608 16:45:54.207,786.883,4,1,1,0.0,234.996,0.00,465.86,0.00,change
20260608 16:45:54.258,786.933,4,1,1,0.0,234.996,0.00,465.81,0.00,change
20260608 16:45:54.308,786.983,4,1,1,0.0,234.996,0.00,465.76,0.00,change
20260608 16:45:54.358,787.033,4,1,1,0.0,234.996,0.00,465.71,0.00,change
20260608 16:45:54.408,787.083,4,1,1,0.0,234.996,0.00,465.66,0.00,change
20260608 16:45:54.457,787.133,4,1,1,0.0,234.996,0.00,465.61,0.00,change
20260608 16:45:54.507,787.183,4,1,1,0.0,234.996,0.00,465.56,0.00,change
20260608 16:45:54.558,787.233,4,1,1,0.0,234.996,0.00,465.51,0.00,change
20260608 16:45:54.608,787.283,4,1,1,0.0,234.996,0.00,465.46,0.00,change
20260608 16:45:54.657,787.333,4,1,1,0.0,234.996,0.00,465.41,0.00,change
20260608 16:45:54.708,787.383,4,1,1,0.0,234.996,0.00,465.36,0.00,change
20260608 16:45:54.758,787.433,4,1,1,0.0,234.996,0.00,465.31,0.00,change
20260608 16:45:54.808,787.483,4,1,1,0.0,234.996,0.00,465.26,0.00,change
20260608 16:45:54.859,787.533,4,1,1,0.0,234.996,0.00,465.21,0.00,change
20260608 16:45:54.908,787.583,4,1,1,0.0,234.996,0.00,465.16,0.00,change
20260608 16:45:54.958,787.633,4,1,1,0.0,234.996,0.00,465.10,0.00,change
20260608 16:45:55.008,787.683,4,1,1,0.0,234.996,0.00,465.05,0.00,change
20260608 16:45:55.057,787.733,4,1,1,0.0,234.996,0.00,465.00,0.00,change
20260608 16:45:55.107,787.783,4,1,1,0.0,234.996,0.00,464.95,0.00,change
20260608 16:45:55.157,787.833,4,1,1,0.0,234.996,0.00,464.90,0.00,change
20260608 16:45:55.207,787.883,4,1,1,0.0,234.996,0.00,464.85,0.00,change
20260608 16:45:55.259,787.933,4,1,1,0.0,234.996,0.00,464.80,0.00,change
20260608 16:45:55.308,787.983,4,1,1,0.0,234.996,0.00,464.75,0.00,change
20260608 16:45:55.357,788.033,4,1,1,0.0,234.996,0.00,464.70,0.00,change
20260608 16:45:55.407,788.083,4,1,1,0.0,234.996,0.00,464.65,0.00,change
20260608 16:45:55.457,788.133,4,1,1,0.0,234.996,0.00,464.60,0.00,change
20260608 16:45:55.507,788.183,4,1,1,0.0,234.996,0.00,464.55,0.00,change
20260608 16:45:55.558,788.233,4,1,1,0.0,234.996,0.00,464.50,0.00,change
20260608 16:45:55.607,788.283,4,1,1,0.0,234.996,0.00,464.45,0.00,change
20260608 16:45:55.657,788.333,4,1,1,0.0,234.996,0.00,464.40,0.00,change
20260608 16:45:55.707,788.383,4,1,1,0.0,234.996,0.00,464.35,0.00,change
20260608 16:45:55.757,788.433,4,1,1,0.0,234.996,0.00,464.30,0.00,change
20260608 16:45:55.808,788.483,4,1,1,0.0,234.996,0.00,464.25,0.00,change
20260608 16:45:55.857,788.533,4,1,1,0.0,234.996,0.00,464.20,0.00,change
20260608 16:45:55.907,788.583,4,1,1,0.0,234.996,0.00,464.15,0.00,change
20260608 16:45:55.958,788.633,4,1,1,0.0,234.996,0.00,464.09,0.00,change
20260608 16:45:56.007,788.683,4,1,1,0.0,234.996,0.00,464.04,0.00,change
20260608 16:45:56.057,788.733,4,1,1,0.0,234.996,0.00,463.99,0.00,change
20260608 16:45:56.107,788.783,4,1,1,0.0,234.996,0.00,463.94,0.00,change
20260608 16:45:56.157,788.833,4,1,1,0.0,234.996,0.00,463.89,0.00,change
20260608 16:45:56.207,788.883,4,1,1,0.0,234.996,0.00,463.84,0.00,change
20260608 16:45:56.258,788.933,4,1,1,0.0,234.996,0.00,463.79,0.00,change
20260608 16:45:56.307,788.983,4,1,1,0.0,234.996,0.00,463.74,0.00,change
20260608 16:45:56.357,789.033,4,1,1,0.0,234.996,0.00,463.69,0.00,change
20260608 16:45:56.408,789.083,4,1,1,0.0,234.996,0.00,463.64,0.00,change
20260608 16:45:56.457,789.133,4,1,1,0.0,234.996,0.00,463.59,0.00,change
20260608 16:45:56.508,789.183,4,1,1,0.0,234.996,0.00,463.54,0.00,change
20260608 16:45:56.557,789.233,4,1,1,0.0,234.996,0.00,463.49,0.00,change
20260608 16:45:56.607,789.283,4,1,1,0.0,234.996,0.00,463.44,0.00,change
20260608 16:45:56.659,789.333,4,1,1,0.0,234.996,0.00,463.39,0.00,change
20260608 16:45:56.707,789.383,4,1,1,0.0,234.996,0.00,463.34,0.00,change
20260608 16:45:56.757,789.433,4,1,1,0.0,234.996,0.00,463.29,0.00,change
20260608 16:45:56.807,789.483,4,1,1,0.0,234.996,0.00,463.24,0.00,change
20260608 16:45:56.857,789.533,4,1,1,0.0,234.996,0.00,463.19,0.00,change
20260608 16:45:56.907,789.583,4,1,1,0.0,234.996,0.00,463.14,0.00,change
20260608 16:45:56.957,789.633,4,1,1,0.0,234.996,0.00,463.08,0.00,change
20260608 16:45:57.008,789.683,4,1,1,0.0,234.996,0.00,463.03,0.00,change
20260608 16:45:57.058,789.733,4,1,1,0.0,234.996,0.00,462.98,0.00,change
20260608 16:45:57.107,789.783,4,1,1,0.0,234.996,0.00,462.93,0.00,change
20260608 16:45:57.158,789.833,4,1,1,0.0,234.996,0.00,462.88,0.00,change
20260608 16:45:57.208,789.883,4,1,1,0.0,234.996,0.00,462.83,0.00,change
20260608 16:45:57.258,789.933,4,1,1,0.0,234.996,0.00,462.78,0.00,change
20260608 16:45:57.309,789.983,4,1,1,0.0,234.996,0.00,462.73,0.00,change
20260608 16:45:57.358,790.033,4,1,1,0.0,234.996,0.00,462.68,0.00,change
20260608 16:45:57.408,790.083,4,1,1,0.0,234.996,0.00,462.63,0.00,change
20260608 16:45:57.457,790.133,4,1,1,0.0,234.996,0.00,462.58,0.00,change
20260608 16:45:57.507,790.183,4,1,1,0.0,234.996,0.00,462.53,0.00,change
20260608 16:45:57.557,790.233,4,1,1,0.0,234.996,0.00,462.48,0.00,change
20260608 16:45:57.607,790.283,4,1,1,0.0,234.996,0.00,462.43,0.00,change
20260608 16:45:57.657,790.333,4,1,1,0.0,234.996,0.00,462.38,0.00,change
20260608 16:45:57.707,790.383,4,1,1,0.0,234.996,0.00,462.33,0.00,change
20260608 16:45:57.757,790.433,4,1,1,0.0,234.996,0.00,462.28,0.00,change
20260608 16:45:57.807,790.483,4,1,1,0.0,234.996,0.00,462.23,0.00,change
20260608 16:45:57.858,790.533,4,1,1,0.0,234.996,0.00,462.18,0.00,change
20260608 16:45:57.909,790.583,4,1,1,0.0,234.996,0.00,462.13,0.00,change
20260608 16:45:57.958,790.633,4,1,1,0.0,234.996,0.00,462.07,0.00,change
20260608 16:45:58.007,790.683,4,1,1,0.0,234.996,0.00,462.02,0.00,change
20260608 16:45:58.057,790.733,4,1,1,0.0,234.996,0.00,461.97,0.00,change
20260608 16:45:58.107,790.783,4,1,1,0.0,234.996,0.00,461.92,0.00,change
20260608 16:45:58.158,790.833,4,1,1,0.0,234.996,0.00,461.87,0.00,change
20260608 16:45:58.208,790.883,4,1,1,0.0,234.996,0.00,461.82,0.00,change
20260608 16:45:58.257,790.933,4,1,1,0.0,234.996,0.00,461.77,0.00,change
20260608 16:45:58.308,790.983,4,1,1,0.0,234.996,0.00,461.72,0.00,change
20260608 16:45:58.357,791.033,4,1,1,0.0,234.996,0.00,461.67,0.00,change
20260608 16:45:58.407,791.083,4,1,1,0.0,234.996,0.00,461.62,0.00,change
20260608 16:45:58.459,791.133,4,1,1,0.0,234.996,0.00,461.57,0.00,change
20260608 16:45:58.508,791.183,4,1,1,0.0,234.996,0.00,461.52,0.00,change
20260608 16:45:58.559,791.233,4,1,1,0.0,234.996,0.00,461.47,0.00,change
20260608 16:45:58.608,791.283,4,1,1,0.0,234.996,0.00,461.42,0.00,change
20260608 16:45:58.658,791.333,4,1,1,0.0,234.996,0.00,461.37,0.00,change
20260608 16:45:58.707,791.383,4,1,1,0.0,234.996,0.00,461.32,0.00,change
20260608 16:45:58.757,791.433,4,1,1,0.0,234.996,0.00,461.27,0.00,change
20260608 16:45:58.809,791.483,4,1,1,0.0,234.996,0.00,461.22,0.00,change
20260608 16:45:58.857,791.533,4,1,1,0.0,234.996,0.00,461.17,0.00,change
20260608 16:45:58.907,791.583,4,1,1,0.0,234.996,0.00,461.12,0.00,change
20260608 16:45:58.957,791.633,4,1,1,0.0,234.996,0.00,461.06,0.00,change
20260608 16:45:59.008,791.683,4,1,1,0.0,234.996,0.00,461.01,0.00,change
20260608 16:45:59.058,791.733,4,1,1,0.0,234.996,0.00,460.96,0.00,change
20260608 16:45:59.108,791.783,4,1,1,0.0,234.996,0.00,460.91,0.00,change
20260608 16:45:59.157,791.833,4,1,1,0.0,234.996,0.00,460.86,0.00,change
20260608 16:45:59.208,791.883,4,1,1,0.0,234.996,0.00,460.81,0.00,change
20260608 16:45:59.258,791.933,4,1,1,0.0,234.996,0.00,460.76,0.00,change
20260608 16:45:59.307,791.983,4,1,1,0.0,234.996,0.00,460.71,0.00,change
20260608 16:45:59.358,792.033,4,1,1,0.0,234.996,0.00,460.66,0.00,change
20260608 16:45:59.407,792.083,4,1,1,0.0,234.996,0.00,460.61,0.00,change
20260608 16:45:59.459,792.133,4,1,1,0.0,234.996,0.00,460.56,0.00,change
20260608 16:45:59.507,792.183,4,1,1,0.0,234.996,0.00,460.51,0.00,change
20260608 16:45:59.558,792.233,4,1,1,0.0,234.996,0.00,460.46,0.00,change
20260608 16:45:59.608,792.283,4,1,1,0.0,234.996,0.00,460.41,0.00,change
20260608 16:45:59.658,792.333,4,1,1,0.0,234.996,0.00,460.36,0.00,change
20260608 16:45:59.707,792.383,4,1,1,0.0,234.996,0.00,460.31,0.00,change
20260608 16:45:59.757,792.433,4,1,1,0.0,234.996,0.00,460.26,0.00,change
20260608 16:45:59.806,792.483,4,1,1,0.0,234.996,0.00,460.21,0.00,change
20260608 16:45:59.857,792.533,4,1,1,0.0,234.996,0.00,460.16,0.00,change
20260608 16:45:59.907,792.583,4,1,1,0.0,234.996,0.00,460.11,0.00,change
20260608 16:45:59.957,792.633,4,1,1,0.0,234.996,0.00,460.05,0.00,change
20260608 16:46:00.008,792.683,4,1,1,0.0,234.996,0.00,460.00,0.00,change
20260608 16:46:00.058,792.733,4,1,1,0.0,234.996,0.00,459.95,0.00,change
20260608 16:46:00.108,792.783,4,1,1,0.0,234.996,0.00,459.90,0.00,change
20260608 16:46:00.158,792.833,4,1,1,0.0,234.996,0.00,459.85,0.00,change
20260608 16:46:00.209,792.883,4,1,1,0.0,234.996,0.00,459.80,0.00,change
20260608 16:46:00.257,792.933,4,1,1,0.0,234.996,0.00,459.75,0.00,change
20260608 16:46:00.307,792.983,4,1,1,0.0,234.996,0.00,459.70,0.00,change
20260608 16:46:00.358,793.033,4,1,1,0.0,234.996,0.00,459.65,0.00,change
20260608 16:46:00.407,793.083,4,1,1,0.0,234.996,0.00,459.60,0.00,change
20260608 16:46:00.457,793.133,4,1,1,0.0,234.996,0.00,459.55,0.00,change
20260608 16:46:00.508,793.183,4,1,1,0.0,234.996,0.00,459.50,0.00,change
20260608 16:46:00.557,793.233,4,1,1,0.0,234.996,0.00,459.45,0.00,change
20260608 16:46:00.609,793.283,4,1,1,0.0,234.996,0.00,459.40,0.00,change
20260608 16:46:00.659,793.333,4,1,1,0.0,234.996,0.00,459.35,0.00,change
20260608 16:46:00.708,793.383,4,1,1,0.0,234.996,0.00,459.30,0.00,change
20260608 16:46:00.759,793.433,4,1,1,0.0,234.996,0.00,459.25,0.00,change
20260608 16:46:00.809,793.483,4,1,1,0.0,234.996,0.00,459.20,0.00,change
20260608 16:46:00.858,793.533,4,1,1,0.0,234.996,0.00,459.15,0.00,change
20260608 16:46:00.908,793.583,4,1,1,0.0,234.996,0.00,459.10,0.00,change
20260608 16:46:00.958,793.633,4,1,1,0.0,234.996,0.00,459.04,0.00,change
20260608 16:46:01.007,793.683,4,1,1,0.0,234.996,0.00,458.99,0.00,change
20260608 16:46:01.058,793.733,4,1,1,0.0,234.996,0.00,458.94,0.00,change
20260608 16:46:01.108,793.783,4,1,1,0.0,234.996,0.00,458.89,0.00,change
20260608 16:46:01.158,793.833,4,1,1,0.0,234.996,0.00,458.84,0.00,change
20260608 16:46:01.207,793.883,4,1,1,0.0,234.996,0.00,458.79,0.00,change
20260608 16:46:01.257,793.933,4,1,1,0.0,234.996,0.00,458.74,0.00,change
20260608 16:46:01.308,793.983,4,1,1,0.0,234.996,0.00,458.69,0.00,change
20260608 16:46:01.357,794.033,4,1,1,0.0,234.996,0.00,458.64,0.00,change
20260608 16:46:01.407,794.083,4,1,1,0.0,234.996,0.00,458.59,0.00,change
20260608 16:46:01.459,794.133,4,1,1,0.0,234.996,0.00,458.54,0.00,change
20260608 16:46:01.509,794.183,4,1,1,0.0,234.996,0.00,458.49,0.00,change
20260608 16:46:01.558,794.233,4,1,1,0.0,234.996,0.00,458.44,0.00,change
20260608 16:46:01.608,794.283,4,1,1,0.0,234.996,0.00,458.39,0.00,change
20260608 16:46:01.657,794.333,4,1,1,0.0,234.996,0.00,458.34,0.00,change
20260608 16:46:01.707,794.383,4,1,1,0.0,234.996,0.00,458.29,0.00,change
20260608 16:46:01.757,794.433,4,1,1,0.0,234.996,0.00,458.24,0.00,change
20260608 16:46:01.808,794.483,4,1,1,0.0,234.996,0.00,458.19,0.00,change
20260608 16:46:01.857,794.533,4,1,1,0.0,234.996,0.00,458.14,0.00,change
20260608 16:46:01.907,794.583,4,1,1,0.0,234.996,0.00,458.09,0.00,change
20260608 16:46:01.957,794.633,4,1,1,0.0,234.996,0.00,458.03,0.00,change
20260608 16:46:02.009,794.683,4,1,1,0.0,234.996,0.00,457.98,0.00,change
20260608 16:46:02.058,794.733,4,1,1,0.0,234.996,0.00,457.93,0.00,change
20260608 16:46:02.107,794.783,4,1,1,0.0,234.996,0.00,457.88,0.00,change
20260608 16:46:02.158,794.833,4,1,1,0.0,234.996,0.00,457.83,0.00,change
20260608 16:46:02.209,794.883,4,1,1,0.0,234.996,0.00,457.78,0.00,change
20260608 16:46:02.259,794.933,4,1,1,0.0,234.996,0.00,457.73,0.00,change
20260608 16:46:02.308,794.983,4,1,1,0.0,234.996,0.00,457.68,0.00,change
20260608 16:46:02.357,795.033,4,1,1,0.0,234.996,0.00,457.63,0.00,change
20260608 16:46:02.408,795.083,4,1,1,0.0,234.996,0.00,457.58,0.00,change
20260608 16:46:02.458,795.133,4,1,1,0.0,234.996,0.00,457.53,0.00,change
20260608 16:46:02.509,795.183,4,1,1,0.0,234.996,0.00,457.48,0.00,change
20260608 16:46:02.559,795.233,4,1,1,0.0,234.996,0.00,457.43,0.00,change
20260608 16:46:02.609,795.283,4,1,1,0.0,234.996,0.00,457.38,0.00,change
20260608 16:46:02.658,795.333,4,1,1,0.0,234.996,0.00,457.33,0.00,change
20260608 16:46:02.709,795.383,4,1,1,0.0,234.996,0.00,457.28,0.00,change
20260608 16:46:02.758,795.433,4,1,1,0.0,234.996,0.00,457.23,0.00,change
20260608 16:46:02.807,795.483,4,1,1,0.0,234.996,0.00,457.18,0.00,change
20260608 16:46:02.858,795.533,4,1,1,0.0,234.996,0.00,457.13,0.00,change
20260608 16:46:02.907,795.583,4,1,1,0.0,234.996,0.00,457.08,0.00,change
20260608 16:46:02.957,795.633,4,1,1,0.0,234.996,0.00,457.02,0.00,change
20260608 16:46:03.007,795.683,4,1,1,0.0,234.996,0.00,456.97,0.00,change
20260608 16:46:03.059,795.733,4,1,1,0.0,234.996,0.00,456.92,0.00,change
20260608 16:46:03.108,795.783,4,1,1,0.0,234.996,0.00,456.87,0.00,change
20260608 16:46:03.159,795.833,4,1,1,0.0,234.996,0.00,456.82,0.00,change
20260608 16:46:03.207,795.883,4,1,1,0.0,234.996,0.00,456.77,0.00,change
20260608 16:46:03.259,795.933,4,1,1,0.0,234.996,0.00,456.72,0.00,change
20260608 16:46:03.309,795.983,4,1,1,0.0,234.996,0.00,456.67,0.00,change
20260608 16:46:03.358,796.033,4,1,1,0.0,234.996,0.00,456.62,0.00,change
20260608 16:46:03.408,796.083,4,1,1,0.0,234.996,0.00,456.57,0.00,change
20260608 16:46:03.458,796.133,4,1,1,0.0,234.996,0.00,456.52,0.00,change
20260608 16:46:03.509,796.183,4,1,1,0.0,234.996,0.00,456.47,0.00,change
20260608 16:46:03.558,796.233,4,1,1,0.0,234.996,0.00,456.42,0.00,change
20260608 16:46:03.609,796.283,4,1,1,0.0,234.996,0.00,456.37,0.00,change
20260608 16:46:03.659,796.333,4,1,1,0.0,234.996,0.00,456.32,0.00,change
20260608 16:46:03.709,796.383,4,1,1,0.0,234.996,0.00,456.27,0.00,change
20260608 16:46:03.759,796.433,4,1,1,0.0,234.996,0.00,456.22,0.00,change
20260608 16:46:03.810,796.483,4,1,1,0.0,234.996,0.00,456.17,0.00,change
20260608 16:46:03.858,796.533,4,1,1,0.0,234.996,0.00,456.12,0.00,change
20260608 16:46:03.908,796.583,4,1,1,0.0,234.996,0.00,456.07,0.00,change
20260608 16:46:03.959,796.633,4,1,1,0.0,234.996,0.00,456.01,0.00,change
20260608 16:46:04.007,796.683,4,1,1,0.0,234.996,0.00,455.96,0.00,change
20260608 16:46:04.058,796.733,4,1,1,0.0,234.996,0.00,455.91,0.00,change
20260608 16:46:04.108,796.783,4,1,1,0.0,234.996,0.00,455.86,0.00,change
20260608 16:46:04.158,796.833,4,1,1,0.0,234.996,0.00,455.81,0.00,change
20260608 16:46:04.208,796.883,4,1,1,0.0,234.996,0.00,455.76,0.00,change
20260608 16:46:04.258,796.933,4,1,1,0.0,234.996,0.00,455.71,0.00,change
20260608 16:46:04.307,796.983,4,1,1,0.0,234.996,0.00,455.66,0.00,change
20260608 16:46:04.358,797.033,4,1,1,0.0,234.996,0.00,455.61,0.00,change
20260608 16:46:04.408,797.083,4,1,1,0.0,234.996,0.00,455.56,0.00,change
20260608 16:46:04.458,797.133,4,1,1,0.0,234.996,0.00,455.51,0.00,change
20260608 16:46:04.508,797.183,4,1,1,0.0,234.996,0.00,455.46,0.00,change
20260608 16:46:04.558,797.233,4,1,1,0.0,234.996,0.00,455.41,0.00,change
20260608 16:46:04.609,797.283,4,1,1,0.0,234.996,0.00,455.36,0.00,change
20260608 16:46:04.658,797.333,4,1,1,0.0,234.996,0.00,455.31,0.00,change
20260608 16:46:04.708,797.383,4,1,1,0.0,234.996,0.00,455.26,0.00,change
20260608 16:46:04.759,797.433,4,1,1,0.0,234.996,0.00,455.21,0.00,change
20260608 16:46:04.808,797.483,4,1,1,0.0,234.996,0.00,455.16,0.00,change
20260608 16:46:04.858,797.533,4,1,1,0.0,234.996,0.00,455.11,0.00,change
20260608 16:46:04.909,797.583,4,1,1,0.0,234.996,0.00,455.06,0.00,change
20260608 16:46:04.958,797.633,4,1,1,0.0,234.996,0.00,455.00,0.00,change
20260608 16:46:05.008,797.683,4,1,1,0.0,234.996,0.00,454.95,0.00,change
20260608 16:46:05.058,797.733,4,1,1,0.0,234.996,0.00,454.90,0.00,change
20260608 16:46:05.108,797.783,4,1,1,0.0,234.996,0.00,454.85,0.00,change
20260608 16:46:05.158,797.833,4,1,1,0.0,234.996,0.00,454.80,0.00,change
20260608 16:46:05.208,797.883,4,1,1,0.0,234.996,0.00,454.75,0.00,change
20260608 16:46:05.258,797.933,4,1,1,0.0,234.996,0.00,454.70,0.00,change
20260608 16:46:05.309,797.983,4,1,1,0.0,234.996,0.00,454.65,0.00,change
20260608 16:46:05.358,798.033,4,1,1,0.0,234.996,0.00,454.60,0.00,change
20260608 16:46:05.408,798.083,4,1,1,0.0,234.996,0.00,454.55,0.00,change
20260608 16:46:05.459,798.133,4,1,1,0.0,234.996,0.00,454.50,0.00,change
20260608 16:46:05.509,798.183,4,1,1,0.0,234.996,0.00,454.45,0.00,change
20260608 16:46:05.558,798.233,4,1,1,0.0,234.996,0.00,454.40,0.00,change
20260608 16:46:05.608,798.283,4,1,1,0.0,234.996,0.00,454.35,0.00,change
20260608 16:46:05.659,798.333,4,1,1,0.0,234.996,0.00,454.30,0.00,change
20260608 16:46:05.708,798.383,4,1,1,0.0,234.996,0.00,454.25,0.00,change
20260608 16:46:05.758,798.433,4,1,1,0.0,234.996,0.00,454.20,0.00,change
20260608 16:46:05.808,798.483,4,1,1,0.0,234.996,0.00,454.15,0.00,change
20260608 16:46:05.858,798.533,4,1,1,0.0,234.996,0.00,454.10,0.00,change
20260608 16:46:05.909,798.583,4,1,1,0.0,234.996,0.00,454.05,0.00,change
20260608 16:46:05.958,798.633,4,1,1,0.0,234.996,0.00,453.99,0.00,change
20260608 16:46:06.008,798.683,4,1,1,0.0,234.996,0.00,453.94,0.00,change
20260608 16:46:06.058,798.733,4,1,1,0.0,234.996,0.00,453.89,0.00,change
20260608 16:46:06.109,798.783,4,1,1,0.0,234.996,0.00,453.84,0.00,change
20260608 16:46:06.158,798.833,4,1,1,0.0,234.996,0.00,453.79,0.00,change
20260608 16:46:06.209,798.883,4,1,1,0.0,234.996,0.00,453.74,0.00,change
20260608 16:46:06.259,798.933,4,1,1,0.0,234.996,0.00,453.69,0.00,change
20260608 16:46:06.308,798.983,4,1,1,0.0,234.996,0.00,453.64,0.00,change
20260608 16:46:06.358,799.033,4,1,1,0.0,234.996,0.00,453.59,0.00,change
20260608 16:46:06.408,799.083,4,1,1,0.0,234.996,0.00,453.54,0.00,change
20260608 16:46:06.458,799.133,4,1,1,0.0,234.996,0.00,453.49,0.00,change
20260608 16:46:06.508,799.183,4,1,1,0.0,234.996,0.00,453.44,0.00,change
20260608 16:46:06.558,799.233,4,1,1,0.0,234.996,0.00,453.39,0.00,change
20260608 16:46:06.608,799.283,4,1,1,0.0,234.996,0.00,453.34,0.00,change
20260608 16:46:06.658,799.333,4,1,1,0.0,234.996,0.00,453.29,0.00,change
20260608 16:46:06.708,799.383,4,1,1,0.0,234.996,0.00,453.24,0.00,change
20260608 16:46:06.758,799.433,4,1,1,0.0,234.996,0.00,453.19,0.00,change
20260608 16:46:06.808,799.483,4,1,1,0.0,234.996,0.00,453.14,0.00,change
20260608 16:46:06.858,799.533,4,1,1,0.0,234.996,0.00,453.09,0.00,change
20260608 16:46:06.908,799.583,4,1,1,0.0,234.996,0.00,453.04,0.00,change
20260608 16:46:06.958,799.633,4,1,1,0.0,234.996,0.00,452.98,0.00,change
20260608 16:46:07.008,799.683,4,1,1,0.0,234.996,0.00,452.93,0.00,change
20260608 16:46:07.058,799.733,4,1,1,0.0,234.996,0.00,452.88,0.00,change
20260608 16:46:07.108,799.783,4,1,1,0.0,234.996,0.00,452.83,0.00,change
20260608 16:46:07.158,799.833,4,1,1,0.0,234.996,0.00,452.78,0.00,change
20260608 16:46:07.208,799.883,4,1,1,0.0,234.996,0.00,452.73,0.00,change
20260608 16:46:07.258,799.933,4,1,1,0.0,234.996,0.00,452.68,0.00,change
20260608 16:46:07.308,799.983,4,1,1,0.0,234.996,0.00,452.63,0.00,change
20260608 16:46:07.358,800.033,4,1,1,0.0,234.996,0.00,452.58,0.00,change
20260608 16:46:07.409,800.083,4,1,1,0.0,234.996,0.00,452.53,0.00,change
20260608 16:46:07.458,800.133,4,1,1,0.0,234.996,0.00,452.48,0.00,change
20260608 16:46:07.508,800.183,4,1,1,0.0,234.996,0.00,452.43,0.00,change
20260608 16:46:07.558,800.233,4,1,1,0.0,234.996,0.00,452.38,0.00,change
20260608 16:46:07.609,800.283,4,1,1,0.0,234.996,0.00,452.33,0.00,change
20260608 16:46:07.659,800.333,4,1,1,0.0,234.996,0.00,452.28,0.00,change
20260608 16:46:07.709,800.383,4,1,1,0.0,234.996,0.00,452.23,0.00,change
20260608 16:46:07.759,800.433,4,1,1,0.0,234.996,0.00,452.18,0.00,change
20260608 16:46:07.809,800.483,4,1,1,0.0,234.996,0.00,452.13,0.00,change
20260608 16:46:07.858,800.533,4,1,1,0.0,234.996,0.00,452.08,0.00,change
20260608 16:46:07.908,800.583,4,1,1,0.0,234.996,0.00,452.02,0.00,change
20260608 16:46:07.959,800.633,4,1,1,0.0,234.996,0.00,451.97,0.00,change
20260608 16:46:08.008,800.683,4,1,1,0.0,234.996,0.00,451.92,0.00,change
20260608 16:46:08.059,800.733,4,1,1,0.0,234.996,0.00,451.87,0.00,change
20260608 16:46:08.108,800.783,4,1,1,0.0,234.996,0.00,451.82,0.00,change
20260608 16:46:08.158,800.833,4,1,1,0.0,234.996,0.00,451.77,0.00,change
20260608 16:46:08.208,800.883,4,1,1,0.0,234.996,0.00,451.72,0.00,change
20260608 16:46:08.258,800.933,4,1,1,0.0,234.996,0.00,451.67,0.00,change
20260608 16:46:08.308,800.983,4,1,1,0.0,234.996,0.00,451.62,0.00,change
20260608 16:46:08.359,801.033,4,1,1,0.0,234.996,0.00,451.57,0.00,change
20260608 16:46:08.408,801.083,4,1,1,0.0,234.996,0.00,451.52,0.00,change
20260608 16:46:08.458,801.133,4,1,1,0.0,234.996,0.00,451.47,0.00,change
20260608 16:46:08.508,801.183,4,1,1,0.0,234.996,0.00,451.42,0.00,change
20260608 16:46:08.558,801.233,4,1,1,0.0,234.996,0.00,451.37,0.00,change
20260608 16:46:08.608,801.283,4,1,1,0.0,234.996,0.00,451.32,0.00,change
20260608 16:46:08.659,801.333,4,1,1,0.0,234.996,0.00,451.27,0.00,change
20260608 16:46:08.709,801.383,4,1,1,0.0,234.996,0.00,451.22,0.00,change
20260608 16:46:08.759,801.433,4,1,1,0.0,234.996,0.00,451.17,0.00,change
20260608 16:46:08.809,801.483,4,1,1,0.0,234.996,0.00,451.12,0.00,change
20260608 16:46:08.859,801.533,4,1,1,0.0,234.996,0.00,451.07,0.00,change
20260608 16:46:08.909,801.583,4,1,1,0.0,234.996,0.00,451.01,0.00,change
20260608 16:46:08.958,801.633,4,1,1,0.0,234.996,0.00,450.96,0.00,change
20260608 16:46:09.009,801.683,4,1,1,0.0,234.996,0.00,450.91,0.00,change
20260608 16:46:09.058,801.733,4,1,1,0.0,234.996,0.00,450.86,0.00,change
20260608 16:46:09.111,801.783,4,1,1,0.0,234.996,0.00,450.81,0.00,change
20260608 16:46:09.159,801.833,4,1,1,0.0,234.996,0.00,450.76,0.00,change
20260608 16:46:09.208,801.883,4,1,1,0.0,234.996,0.00,450.71,0.00,change
20260608 16:46:09.259,801.933,4,1,1,0.0,234.996,0.00,450.66,0.00,change
20260608 16:46:09.308,801.983,4,1,1,0.0,234.996,0.00,450.61,0.00,change
20260608 16:46:09.358,802.033,4,1,1,0.0,234.996,0.00,450.56,0.00,change
20260608 16:46:09.408,802.083,4,1,1,0.0,234.996,0.00,450.51,0.00,change
20260608 16:46:09.458,802.133,4,1,1,0.0,234.996,0.00,450.46,0.00,change
20260608 16:46:09.509,802.183,4,1,1,0.0,234.996,0.00,450.41,0.00,change
20260608 16:46:09.559,802.233,4,1,1,0.0,234.996,0.00,450.36,0.00,change
20260608 16:46:09.610,802.283,4,1,1,0.0,234.996,0.00,450.31,0.00,change
20260608 16:46:09.658,802.333,4,1,1,0.0,234.996,0.00,450.26,0.00,change
20260608 16:46:09.708,802.383,4,1,1,0.0,234.996,0.00,450.21,0.00,change
20260608 16:46:09.759,802.433,4,1,1,0.0,234.996,0.00,450.16,0.00,change
20260608 16:46:09.808,802.483,4,1,1,0.0,234.996,0.00,450.11,0.00,change
20260608 16:46:09.859,802.533,4,1,1,0.0,234.996,0.00,450.06,0.00,change
20260608 16:46:09.908,802.583,4,1,1,0.0,234.996,0.00,450.00,0.00,change
20260608 16:46:09.959,802.633,4,1,1,0.0,234.996,0.00,449.95,0.00,change
20260608 16:46:10.008,802.683,4,1,1,0.0,234.996,0.00,449.90,0.00,change
20260608 16:46:10.058,802.733,4,1,1,0.0,234.996,0.00,449.85,0.00,change
20260608 16:46:10.109,802.783,4,1,1,0.0,234.996,0.00,449.80,0.00,change
20260608 16:46:10.158,802.833,4,1,1,0.0,234.996,0.00,449.75,0.00,change
20260608 16:46:10.208,802.883,4,1,1,0.0,234.996,0.00,449.70,0.00,change
20260608 16:46:10.259,802.933,4,1,1,0.0,234.996,0.00,449.65,0.00,change
20260608 16:46:10.308,802.983,4,1,1,0.0,234.996,0.00,449.60,0.00,change
20260608 16:46:10.358,803.033,4,1,1,0.0,234.996,0.00,449.55,0.00,change
20260608 16:46:10.408,803.083,4,1,1,0.0,234.996,0.00,449.50,0.00,change
20260608 16:46:10.458,803.133,4,1,1,0.0,234.996,0.00,449.45,0.00,change
20260608 16:46:10.508,803.183,4,1,1,0.0,234.996,0.00,449.40,0.00,change
20260608 16:46:10.558,803.233,4,1,1,0.0,234.996,0.00,449.35,0.00,change
20260608 16:46:10.608,803.283,4,1,1,0.0,234.996,0.00,449.30,0.00,change
20260608 16:46:10.658,803.333,4,1,1,0.0,234.996,0.00,449.25,0.00,change
20260608 16:46:10.709,803.383,4,1,1,0.0,234.996,0.00,449.20,0.00,change
20260608 16:46:10.759,803.433,4,1,1,0.0,234.996,0.00,449.15,0.00,change
20260608 16:46:10.809,803.483,4,1,1,0.0,234.996,0.00,449.10,0.00,change
20260608 16:46:10.858,803.533,4,1,1,0.0,234.996,0.00,449.05,0.00,change
20260608 16:46:10.909,803.583,4,1,1,0.0,234.996,0.00,448.99,0.00,change
20260608 16:46:10.959,803.633,4,1,1,0.0,234.996,0.00,448.94,0.00,change
20260608 16:46:11.008,803.683,4,1,1,0.0,234.996,0.00,448.89,0.00,change
20260608 16:46:11.060,803.733,4,1,1,0.0,234.996,0.00,448.84,0.00,change
20260608 16:46:11.108,803.783,4,1,1,0.0,234.996,0.00,448.79,0.00,change
20260608 16:46:11.158,803.833,4,1,1,0.0,234.996,0.00,448.74,0.00,change
20260608 16:46:11.208,803.883,4,1,1,0.0,234.996,0.00,448.69,0.00,change
20260608 16:46:11.258,803.933,4,1,1,0.0,234.996,0.00,448.64,0.00,change
20260608 16:46:11.308,803.983,4,1,1,0.0,234.996,0.00,448.59,0.00,change
20260608 16:46:11.360,804.033,4,1,1,0.0,234.996,0.00,448.54,0.00,change
20260608 16:46:11.409,804.083,4,1,1,0.0,234.996,0.00,448.49,0.00,change
20260608 16:46:11.459,804.133,4,1,1,0.0,234.996,0.00,448.44,0.00,change
20260608 16:46:11.508,804.183,4,1,1,0.0,234.996,0.00,448.39,0.00,change
20260608 16:46:11.560,804.233,4,1,1,0.0,234.996,0.00,448.34,0.00,change
20260608 16:46:11.609,804.283,4,1,1,0.0,234.996,0.00,448.29,0.00,change
20260608 16:46:11.659,804.333,4,1,1,0.0,234.996,0.00,448.24,0.00,change
20260608 16:46:11.708,804.383,4,1,1,0.0,234.996,0.00,448.19,0.00,change
20260608 16:46:11.759,804.433,4,1,1,0.0,234.996,0.00,448.14,0.00,change
20260608 16:46:11.809,804.483,4,1,1,0.0,234.996,0.00,448.09,0.00,change
20260608 16:46:11.858,804.533,4,1,1,0.0,234.996,0.00,448.04,0.00,change
20260608 16:46:11.908,804.583,4,1,1,0.0,234.996,0.00,447.98,0.00,change
20260608 16:46:11.959,804.633,4,1,1,0.0,234.996,0.00,447.93,0.00,change
20260608 16:46:12.009,804.683,4,1,1,0.0,234.996,0.00,447.88,0.00,change
20260608 16:46:12.059,804.733,4,1,1,0.0,234.996,0.00,447.83,0.00,change
20260608 16:46:12.109,804.783,4,1,1,0.0,234.996,0.00,447.78,0.00,change
20260608 16:46:12.158,804.833,4,1,1,0.0,234.996,0.00,447.73,0.00,change
20260608 16:46:12.209,804.883,4,1,1,0.0,234.996,0.00,447.68,0.00,change
20260608 16:46:12.258,804.933,4,1,1,0.0,234.996,0.00,447.63,0.00,change
20260608 16:46:12.309,804.983,4,1,1,0.0,234.996,0.00,447.58,0.00,change
20260608 16:46:12.360,805.033,4,1,1,0.0,234.996,0.00,447.53,0.00,change
20260608 16:46:12.408,805.083,4,1,1,0.0,234.996,0.00,447.48,0.00,change
20260608 16:46:12.459,805.133,4,1,1,0.0,234.996,0.00,447.43,0.00,change
20260608 16:46:12.508,805.183,4,1,1,0.0,234.996,0.00,447.38,0.00,change
20260608 16:46:12.559,805.233,4,1,1,0.0,234.996,0.00,447.33,0.00,change
20260608 16:46:12.609,805.283,4,1,1,0.0,234.996,0.00,447.28,0.00,change
20260608 16:46:12.658,805.333,4,1,1,0.0,234.996,0.00,447.23,0.00,change
20260608 16:46:12.709,805.383,4,1,1,0.0,234.996,0.00,447.18,0.00,change
20260608 16:46:12.758,805.433,4,1,1,0.0,234.996,0.00,447.13,0.00,change
20260608 16:46:12.808,805.483,4,1,1,0.0,234.996,0.00,447.08,0.00,change
20260608 16:46:12.858,805.533,4,1,1,0.0,234.996,0.00,447.03,0.00,change
20260608 16:46:12.909,805.583,4,1,1,0.0,234.996,0.00,446.97,0.00,change
20260608 16:46:12.958,805.633,4,1,1,0.0,234.996,0.00,446.92,0.00,change
20260608 16:46:13.008,805.683,4,1,1,0.0,234.996,0.00,446.87,0.00,change
20260608 16:46:13.058,805.733,4,1,1,0.0,234.996,0.00,446.82,0.00,change
20260608 16:46:13.108,805.783,4,1,1,0.0,234.996,0.00,446.77,0.00,change
20260608 16:46:13.159,805.833,4,1,1,0.0,234.996,0.00,446.72,0.00,change
20260608 16:46:13.210,805.883,4,1,1,0.0,234.996,0.00,446.67,0.00,change
20260608 16:46:13.259,805.933,4,1,1,0.0,234.996,0.00,446.62,0.00,change
20260608 16:46:13.308,805.983,4,1,1,0.0,234.996,0.00,446.57,0.00,change
20260608 16:46:13.359,806.033,4,1,1,0.0,234.996,0.00,446.52,0.00,change
20260608 16:46:13.408,806.083,4,1,1,0.0,234.996,0.00,446.47,0.00,change
20260608 16:46:13.458,806.133,4,1,1,0.0,234.996,0.00,446.42,0.00,change
20260608 16:46:13.510,806.183,4,1,1,0.0,234.996,0.00,446.37,0.00,change
20260608 16:46:13.559,806.233,4,1,1,0.0,234.996,0.00,446.32,0.00,change
20260608 16:46:13.609,806.283,4,1,1,0.0,234.996,0.00,446.27,0.00,change
20260608 16:46:13.660,806.333,4,1,1,0.0,234.996,0.00,446.22,0.00,change
20260608 16:46:13.709,806.383,4,1,1,0.0,234.996,0.00,446.17,0.00,change
20260608 16:46:13.759,806.433,4,1,1,0.0,234.996,0.00,446.12,0.00,change
20260608 16:46:13.809,806.483,4,1,1,0.0,234.996,0.00,446.07,0.00,change
20260608 16:46:13.858,806.533,4,1,1,0.0,234.996,0.00,446.02,0.00,change
20260608 16:46:13.908,806.583,4,1,1,0.0,234.996,0.00,445.96,0.00,change
20260608 16:46:13.960,806.633,4,1,1,0.0,234.996,0.00,445.91,0.00,change
20260608 16:46:14.010,806.683,4,1,1,0.0,234.996,0.00,445.86,0.00,change
20260608 16:46:14.060,806.733,4,1,1,0.0,234.996,0.00,445.81,0.00,change
20260608 16:46:14.108,806.783,4,1,1,0.0,234.996,0.00,445.76,0.00,change
20260608 16:46:14.159,806.833,4,1,1,0.0,234.996,0.00,445.71,0.00,change
20260608 16:46:14.208,806.883,4,1,1,0.0,234.996,0.00,445.66,0.00,change
20260608 16:46:14.259,806.933,4,1,1,0.0,234.996,0.00,445.61,0.00,change
20260608 16:46:14.308,806.983,4,1,1,0.0,234.996,0.00,445.56,0.00,change
20260608 16:46:14.361,807.033,4,1,1,0.0,234.996,0.00,445.51,0.00,change
20260608 16:46:14.409,807.083,4,1,1,0.0,234.996,0.00,445.46,0.00,change
20260608 16:46:14.458,807.133,4,1,1,0.0,234.996,0.00,445.41,0.00,change
20260608 16:46:14.508,807.183,4,1,1,0.0,234.996,0.00,445.36,0.00,change
20260608 16:46:14.558,807.233,4,1,1,0.0,234.996,0.00,445.31,0.00,change
20260608 16:46:14.608,807.283,4,1,1,0.0,234.996,0.00,445.26,0.00,change
20260608 16:46:14.659,807.333,4,1,1,0.0,234.996,0.00,445.21,0.00,change
20260608 16:46:14.709,807.383,4,1,1,0.0,234.996,0.00,445.16,0.00,change
20260608 16:46:14.760,807.433,4,1,1,0.0,234.996,0.00,445.11,0.00,change
20260608 16:46:14.808,807.483,4,1,1,0.0,234.996,0.00,445.06,0.00,change
20260608 16:46:14.859,807.533,4,1,1,0.0,234.996,0.00,445.01,0.00,change
20260608 16:46:14.909,807.583,4,1,1,0.0,234.996,0.00,444.95,0.00,change
20260608 16:46:14.959,807.633,4,1,1,0.0,234.996,0.00,444.90,0.00,change
20260608 16:46:15.009,807.683,4,1,1,0.0,234.996,0.00,444.85,0.00,change
20260608 16:46:15.058,807.733,4,1,1,0.0,234.996,0.00,444.80,0.00,change
20260608 16:46:15.109,807.783,4,1,1,0.0,234.996,0.00,444.75,0.00,change
20260608 16:46:15.159,807.833,4,1,1,0.0,234.996,0.00,444.70,0.00,change
20260608 16:46:15.208,807.883,4,1,1,0.0,234.996,0.00,444.65,0.00,change
20260608 16:46:15.258,807.933,4,1,1,0.0,234.996,0.00,444.60,0.00,change
20260608 16:46:15.308,807.983,4,1,1,0.0,234.996,0.00,444.55,0.00,change
20260608 16:46:15.359,808.033,4,1,1,0.0,234.996,0.00,444.50,0.00,change
20260608 16:46:15.408,808.083,4,1,1,0.0,234.996,0.00,444.45,0.00,change
20260608 16:46:15.458,808.133,4,1,1,0.0,234.996,0.00,444.40,0.00,change
20260608 16:46:15.509,808.183,4,1,1,0.0,234.996,0.00,444.35,0.00,change
20260608 16:46:15.558,808.233,4,1,1,0.0,234.996,0.00,444.30,0.00,change
20260608 16:46:15.608,808.283,4,1,1,0.0,234.996,0.00,444.25,0.00,change
20260608 16:46:15.660,808.333,4,1,1,0.0,234.996,0.00,444.20,0.00,change
20260608 16:46:15.708,808.383,4,1,1,0.0,234.996,0.00,444.15,0.00,change
20260608 16:46:15.758,808.433,4,1,1,0.0,234.996,0.00,444.10,0.00,change
20260608 16:46:15.809,808.483,4,1,1,0.0,234.996,0.00,444.05,0.00,change
20260608 16:46:15.859,808.533,4,1,1,0.0,234.996,0.00,444.00,0.00,change
20260608 16:46:15.909,808.583,4,1,1,0.0,234.996,0.00,443.94,0.00,change
20260608 16:46:15.958,808.633,4,1,1,0.0,234.996,0.00,443.89,0.00,change
20260608 16:46:16.008,808.683,4,1,1,0.0,234.996,0.00,443.84,0.00,change
20260608 16:46:16.058,808.733,4,1,1,0.0,234.996,0.00,443.79,0.00,change
20260608 16:46:16.108,808.783,4,1,1,0.0,234.996,0.00,443.74,0.00,change
20260608 16:46:16.158,808.833,4,1,1,0.0,234.996,0.00,443.69,0.00,change
20260608 16:46:16.209,808.883,4,1,1,0.0,234.996,0.00,443.64,0.00,change
20260608 16:46:16.259,808.933,4,1,1,0.0,234.996,0.00,443.59,0.00,change
20260608 16:46:16.308,808.983,4,1,1,0.0,234.996,0.00,443.54,0.00,change
20260608 16:46:16.358,809.033,4,1,1,0.0,234.996,0.00,443.49,0.00,change
20260608 16:46:16.408,809.083,4,1,1,0.0,234.996,0.00,443.44,0.00,change
20260608 16:46:16.459,809.133,4,1,1,0.0,234.996,0.00,443.39,0.00,change
20260608 16:46:16.510,809.183,4,1,1,0.0,234.996,0.00,443.34,0.00,change
20260608 16:46:16.558,809.233,4,1,1,0.0,234.996,0.00,443.29,0.00,change
20260608 16:46:16.608,809.283,4,1,1,0.0,234.996,0.00,443.24,0.00,change
20260608 16:46:16.658,809.333,4,1,1,0.0,234.996,0.00,443.19,0.00,change
20260608 16:46:16.708,809.383,4,1,1,0.0,234.996,0.00,443.14,0.00,change
20260608 16:46:16.758,809.433,4,1,1,0.0,234.996,0.00,443.09,0.00,change
20260608 16:46:16.809,809.483,4,1,1,0.0,234.996,0.00,443.04,0.00,change
20260608 16:46:16.858,809.533,4,1,1,0.0,234.996,0.00,442.99,0.00,change
20260608 16:46:16.907,809.583,4,1,1,0.0,234.996,0.00,442.93,0.00,change
20260608 16:46:16.958,809.633,4,1,1,0.0,234.996,0.00,442.88,0.00,change
20260608 16:46:17.008,809.683,4,1,1,0.0,234.996,0.00,442.83,0.00,change
20260608 16:46:17.060,809.733,4,1,1,0.0,234.996,0.00,442.78,0.00,change
20260608 16:46:17.109,809.783,4,1,1,0.0,234.996,0.00,442.73,0.00,change
20260608 16:46:17.159,809.833,4,1,1,0.0,234.996,0.00,442.68,0.00,change
20260608 16:46:17.207,809.883,4,1,1,0.0,234.996,0.00,442.63,0.00,change
20260608 16:46:17.258,809.933,4,1,1,0.0,234.996,0.00,442.58,0.00,change
20260608 16:46:17.309,809.983,4,1,1,0.0,234.996,0.00,442.53,0.00,change
20260608 16:46:17.359,810.033,4,1,1,0.0,234.996,0.00,442.48,0.00,change
20260608 16:46:17.410,810.083,4,1,1,0.0,234.996,0.00,442.43,0.00,change
20260608 16:46:17.458,810.133,4,1,1,0.0,234.996,0.00,442.38,0.00,change
20260608 16:46:17.508,810.183,4,1,1,0.0,234.996,0.00,442.33,0.00,change
20260608 16:46:17.558,810.233,4,1,1,0.0,234.996,0.00,442.28,0.00,change
20260608 16:46:17.608,810.283,4,1,1,0.0,234.996,0.00,442.23,0.00,change
20260608 16:46:17.660,810.333,4,1,1,0.0,234.996,0.00,442.18,0.00,change
20260608 16:46:17.707,810.383,4,1,1,0.0,234.996,0.00,442.13,0.00,change
20260608 16:46:17.759,810.433,4,1,1,0.0,234.996,0.00,442.08,0.00,change
20260608 16:46:17.808,810.483,4,1,1,0.0,234.996,0.00,442.03,0.00,change
20260608 16:46:17.860,810.533,4,1,1,0.0,234.996,0.00,441.98,0.00,change
20260608 16:46:17.909,810.583,4,1,1,0.0,234.996,0.00,441.92,0.00,change
20260608 16:46:17.958,810.633,4,1,1,0.0,234.996,0.00,441.87,0.00,change
20260608 16:46:18.010,810.683,4,1,1,0.0,234.996,0.00,441.82,0.00,change
20260608 16:46:18.059,810.733,4,1,1,0.0,234.996,0.00,441.77,0.00,change
20260608 16:46:18.108,810.783,4,1,1,0.0,234.996,0.00,441.72,0.00,change
20260608 16:46:18.160,810.833,4,1,1,0.0,234.996,0.00,441.67,0.00,change
20260608 16:46:18.210,810.883,4,1,1,0.0,234.996,0.00,441.62,0.00,change
20260608 16:46:18.257,810.933,4,1,1,0.0,234.996,0.00,441.57,0.00,change
20260608 16:46:18.310,810.983,4,1,1,0.0,234.996,0.00,441.52,0.00,change
20260608 16:46:18.358,811.033,4,1,1,0.0,234.996,0.00,441.47,0.00,change
20260608 16:46:18.408,811.083,4,1,1,0.0,234.996,0.00,441.42,0.00,change
20260608 16:46:18.457,811.133,4,1,1,0.0,234.996,0.00,441.37,0.00,change
20260608 16:46:18.507,811.183,4,1,1,0.0,234.996,0.00,441.32,0.00,change
20260608 16:46:18.558,811.233,4,1,1,0.0,234.996,0.00,441.27,0.00,change
20260608 16:46:18.607,811.283,4,1,1,0.0,234.996,0.00,441.22,0.00,change
20260608 16:46:18.659,811.333,4,1,1,0.0,234.996,0.00,441.17,0.00,change
20260608 16:46:18.709,811.383,4,1,1,0.0,234.996,0.00,441.12,0.00,change
20260608 16:46:18.758,811.433,4,1,1,0.0,234.996,0.00,441.07,0.00,change
20260608 16:46:18.809,811.483,4,1,1,0.0,234.996,0.00,441.02,0.00,change
20260608 16:46:18.860,811.533,4,1,1,0.0,234.996,0.00,440.96,0.00,change
20260608 16:46:18.908,811.583,4,1,1,0.0,234.996,0.00,440.91,0.00,change
20260608 16:46:18.958,811.633,4,1,1,0.0,234.996,0.00,440.86,0.00,change
20260608 16:46:19.009,811.683,4,1,1,0.0,234.996,0.00,440.81,0.00,change
20260608 16:46:19.057,811.733,4,1,1,0.0,234.996,0.00,440.76,0.00,change
20260608 16:46:19.108,811.783,4,1,1,0.0,234.996,0.00,440.71,0.00,change
20260608 16:46:19.158,811.833,4,1,1,0.0,234.996,0.00,440.66,0.00,change
20260608 16:46:19.208,811.883,4,1,1,0.0,234.996,0.00,440.61,0.00,change
20260608 16:46:19.258,811.933,4,1,1,0.0,234.996,0.00,440.56,0.00,change
20260608 16:46:19.308,811.983,4,1,1,0.0,234.996,0.00,440.51,0.00,change
20260608 16:46:19.358,812.033,4,1,1,0.0,234.996,0.00,440.46,0.00,change
20260608 16:46:19.408,812.083,4,1,1,0.0,234.996,0.00,440.41,0.00,change
20260608 16:46:19.458,812.133,4,1,1,0.0,234.996,0.00,440.36,0.00,change
20260608 16:46:19.508,812.183,4,1,1,0.0,234.996,0.00,440.31,0.00,change
20260608 16:46:19.558,812.233,4,1,1,0.0,234.996,0.00,440.26,0.00,change
20260608 16:46:19.608,812.283,4,1,1,0.0,234.996,0.00,440.21,0.00,change
20260608 16:46:19.658,812.333,4,1,1,0.0,234.996,0.00,440.16,0.00,change
20260608 16:46:19.708,812.383,4,1,1,0.0,234.996,0.00,440.11,0.00,change
20260608 16:46:19.759,812.433,4,1,1,0.0,234.996,0.00,440.06,0.00,change
20260608 16:46:19.808,812.483,4,1,1,0.0,234.996,0.00,440.00,0.00,change
20260608 16:46:19.858,812.533,4,1,1,0.0,234.996,0.00,439.95,0.00,change
20260608 16:46:19.907,812.583,4,1,1,0.0,234.996,0.00,439.90,0.00,change
20260608 16:46:19.958,812.633,4,1,1,0.0,234.996,0.00,439.85,0.00,change
20260608 16:46:20.008,812.683,4,1,1,0.0,234.996,0.00,439.80,0.00,change
20260608 16:46:20.057,812.733,4,1,1,0.0,234.996,0.00,439.75,0.00,change
20260608 16:46:20.108,812.783,4,1,1,0.0,234.996,0.00,439.70,0.00,change
20260608 16:46:20.157,812.833,4,1,1,0.0,234.996,0.00,439.65,0.00,change
20260608 16:46:20.209,812.883,4,1,1,0.0,234.996,0.00,439.60,0.00,change
20260608 16:46:20.258,812.933,4,1,1,0.0,234.996,0.00,439.55,0.00,change
20260608 16:46:20.308,812.983,4,1,1,0.0,234.996,0.00,439.50,0.00,change
20260608 16:46:20.358,813.033,4,1,1,0.0,234.996,0.00,439.45,0.00,change
20260608 16:46:20.409,813.083,4,1,1,0.0,234.996,0.00,439.40,0.00,change
20260608 16:46:20.457,813.133,4,1,1,0.0,234.996,0.00,439.35,0.00,change
20260608 16:46:20.509,813.183,4,1,1,0.0,234.996,0.00,439.30,0.00,change
20260608 16:46:20.558,813.233,4,1,1,0.0,234.996,0.00,439.25,0.00,change
20260608 16:46:20.608,813.283,4,1,1,0.0,234.996,0.00,439.20,0.00,change
20260608 16:46:20.657,813.333,4,1,1,0.0,234.996,0.00,439.15,0.00,change
20260608 16:46:20.707,813.383,4,1,1,0.0,234.996,0.00,439.09,0.00,change
20260608 16:46:20.759,813.433,4,1,1,0.0,234.996,0.00,439.04,0.00,change
20260608 16:46:20.809,813.483,4,1,1,0.0,234.996,0.00,438.99,0.00,change
20260608 16:46:20.857,813.533,4,1,1,0.0,234.996,0.00,438.94,0.00,change
20260608 16:46:20.908,813.583,4,1,1,0.0,234.996,0.00,438.89,0.00,change
20260608 16:46:20.957,813.633,4,1,1,0.0,234.996,0.00,438.84,0.00,change
20260608 16:46:21.009,813.683,4,1,1,0.0,234.996,0.00,438.79,0.00,change
20260608 16:46:21.057,813.733,4,1,1,0.0,234.996,0.00,438.74,0.00,change
20260608 16:46:21.108,813.783,4,1,1,0.0,234.996,0.00,438.69,0.00,change
20260608 16:46:21.157,813.833,4,1,1,0.0,234.996,0.00,438.64,0.00,change
20260608 16:46:21.207,813.883,4,1,1,0.0,234.996,0.00,438.59,0.00,change
20260608 16:46:21.259,813.933,4,1,1,0.0,234.996,0.00,438.54,0.00,change
20260608 16:46:21.308,813.983,4,1,1,0.0,234.996,0.00,438.49,0.00,change
20260608 16:46:21.358,814.033,4,1,1,0.0,234.996,0.00,438.44,0.00,change
20260608 16:46:21.408,814.083,4,1,1,0.0,234.996,0.00,438.39,0.00,change
20260608 16:46:21.457,814.133,4,1,1,0.0,234.996,0.00,438.34,0.00,change
20260608 16:46:21.507,814.183,4,1,1,0.0,234.996,0.00,438.29,0.00,change
20260608 16:46:21.557,814.233,4,1,1,0.0,234.996,0.00,438.24,0.00,change
20260608 16:46:21.609,814.283,4,1,1,0.0,234.996,0.00,438.19,0.00,change
20260608 16:46:21.657,814.333,4,1,1,0.0,234.996,0.00,438.13,0.00,change
20260608 16:46:21.707,814.383,4,1,1,0.0,234.996,0.00,438.08,0.00,change
20260608 16:46:21.758,814.433,4,1,1,0.0,234.996,0.00,438.03,0.00,change
20260608 16:46:21.807,814.483,4,1,1,0.0,234.996,0.00,437.98,0.00,change
20260608 16:46:21.858,814.533,4,1,1,0.0,234.996,0.00,437.93,0.00,change
20260608 16:46:21.908,814.583,4,1,1,0.0,234.996,0.00,437.88,0.00,change
20260608 16:46:21.957,814.633,4,1,1,0.0,234.996,0.00,437.83,0.00,change
20260608 16:46:22.007,814.683,4,1,1,0.0,234.996,0.00,437.78,0.00,change
20260608 16:46:22.058,814.733,4,1,1,0.0,234.996,0.00,437.73,0.00,change
20260608 16:46:22.107,814.783,4,1,1,0.0,234.996,0.00,437.68,0.00,change
20260608 16:46:22.158,814.833,4,1,1,0.0,234.996,0.00,437.63,0.00,change
20260608 16:46:22.208,814.883,4,1,1,0.0,234.996,0.00,437.58,0.00,change
20260608 16:46:22.257,814.933,4,1,1,0.0,234.996,0.00,437.53,0.00,change
20260608 16:46:22.307,814.983,4,1,1,0.0,234.996,0.00,437.48,0.00,change
20260608 16:46:22.358,815.033,4,1,1,0.0,234.996,0.00,437.43,0.00,change
20260608 16:46:22.408,815.083,4,1,1,0.0,234.996,0.00,437.38,0.00,change
20260608 16:46:22.458,815.133,4,1,1,0.0,234.996,0.00,437.33,0.00,change
20260608 16:46:22.509,815.183,4,1,1,0.0,234.996,0.00,437.28,0.00,change
20260608 16:46:22.557,815.233,4,1,1,0.0,234.996,0.00,437.23,0.00,change
20260608 16:46:22.607,815.283,4,1,1,0.0,234.996,0.00,437.17,0.00,change
20260608 16:46:22.657,815.333,4,1,1,0.0,234.996,0.00,437.12,0.00,change
20260608 16:46:22.707,815.383,4,1,1,0.0,234.996,0.00,437.07,0.00,change
20260608 16:46:22.757,815.433,4,1,1,0.0,234.996,0.00,437.02,0.00,change
20260608 16:46:22.808,815.483,4,1,1,0.0,234.996,0.00,436.97,0.00,change
20260608 16:46:22.857,815.533,4,1,1,0.0,234.996,0.00,436.92,0.00,change
20260608 16:46:22.907,815.583,4,1,1,0.0,234.996,0.00,436.87,0.00,change
20260608 16:46:22.958,815.633,4,1,1,0.0,234.996,0.00,436.82,0.00,change
20260608 16:46:23.007,815.683,4,1,1,0.0,234.996,0.00,436.77,0.00,change
20260608 16:46:23.058,815.733,4,1,1,0.0,234.996,0.00,436.72,0.00,change
20260608 16:46:23.107,815.783,4,1,1,0.0,234.996,0.00,436.67,0.00,change
20260608 16:46:23.157,815.833,4,1,1,0.0,234.996,0.00,436.62,0.00,change
20260608 16:46:23.207,815.883,4,1,1,0.0,234.996,0.00,436.57,0.00,change
20260608 16:46:23.257,815.933,4,1,1,0.0,234.996,0.00,436.52,0.00,change
20260608 16:46:23.307,815.983,4,1,1,0.0,234.996,0.00,436.47,0.00,change
20260608 16:46:23.358,816.033,4,1,1,0.0,234.996,0.00,436.42,0.00,change
20260608 16:46:23.407,816.083,4,1,1,0.0,234.996,0.00,436.37,0.00,change
20260608 16:46:23.458,816.133,4,1,1,0.0,234.996,0.00,436.32,0.00,change
20260608 16:46:23.507,816.183,4,1,1,0.0,234.996,0.00,436.27,0.00,change
20260608 16:46:23.557,816.233,4,1,1,0.0,234.996,0.00,436.21,0.00,change
20260608 16:46:23.607,816.283,4,1,1,0.0,234.996,0.00,436.16,0.00,change
20260608 16:46:23.657,816.333,4,1,1,0.0,234.996,0.00,436.11,0.00,change
20260608 16:46:23.708,816.383,4,1,1,0.0,234.996,0.00,436.06,0.00,change
20260608 16:46:23.758,816.433,4,1,1,0.0,234.996,0.00,436.01,0.00,change
20260608 16:46:23.808,816.483,4,1,1,0.0,234.996,0.00,435.96,0.00,change
20260608 16:46:23.857,816.533,4,1,1,0.0,234.996,0.00,435.91,0.00,change
20260608 16:46:23.908,816.583,4,1,1,0.0,234.996,0.00,435.86,0.00,change
20260608 16:46:23.958,816.633,4,1,1,0.0,234.996,0.00,435.81,0.00,change
20260608 16:46:24.009,816.683,4,1,1,0.0,234.996,0.00,435.76,0.00,change
20260608 16:46:24.058,816.733,4,1,1,0.0,234.996,0.00,435.71,0.00,change
20260608 16:46:24.107,816.783,4,1,1,0.0,234.996,0.00,435.66,0.00,change
20260608 16:46:24.157,816.833,4,1,1,0.0,234.996,0.00,435.61,0.00,change
20260608 16:46:24.207,816.883,4,1,1,0.0,234.996,0.00,435.56,0.00,change
20260608 16:46:24.258,816.933,4,1,1,0.0,234.996,0.00,435.51,0.00,change
20260608 16:46:24.307,816.983,4,1,1,0.0,234.996,0.00,435.46,0.00,change
20260608 16:46:24.357,817.033,4,1,1,0.0,234.996,0.00,435.41,0.00,change
20260608 16:46:24.407,817.083,4,1,1,0.0,234.996,0.00,435.36,0.00,change
20260608 16:46:24.457,817.133,4,1,1,0.0,234.996,0.00,435.31,0.00,change
20260608 16:46:24.507,817.183,4,1,1,0.0,234.996,0.00,435.25,0.00,change
20260608 16:46:24.558,817.233,4,1,1,0.0,234.996,0.00,435.20,0.00,change
20260608 16:46:24.607,817.283,4,1,1,0.0,234.996,0.00,435.15,0.00,change
20260608 16:46:24.658,817.333,4,1,1,0.0,234.996,0.00,435.10,0.00,change
20260608 16:46:24.707,817.383,4,1,1,0.0,234.996,0.00,435.05,0.00,change
20260608 16:46:24.757,817.433,4,1,1,0.0,234.996,0.00,435.00,0.00,change
20260608 16:46:24.808,817.483,4,1,1,0.0,234.996,0.00,434.95,0.00,change
20260608 16:46:24.858,817.533,4,1,1,0.0,234.996,0.00,434.90,0.00,change
20260608 16:46:24.909,817.583,4,1,1,0.0,234.996,0.00,434.85,0.00,change
20260608 16:46:24.957,817.633,4,1,1,0.0,234.996,0.00,434.80,0.00,change
20260608 16:46:25.007,817.683,4,1,1,0.0,234.996,0.00,434.75,0.00,change
20260608 16:46:25.058,817.733,4,1,1,0.0,234.996,0.00,434.70,0.00,change
20260608 16:46:25.108,817.783,4,1,1,0.0,234.996,0.00,434.65,0.00,change
20260608 16:46:25.157,817.833,4,1,1,0.0,234.996,0.00,434.60,0.00,change
20260608 16:46:25.208,817.883,4,1,1,0.0,234.996,0.00,434.55,0.00,change
20260608 16:46:25.257,817.933,4,1,1,0.0,234.996,0.00,434.50,0.00,change
20260608 16:46:25.307,817.983,4,1,1,0.0,234.996,0.00,434.45,0.00,change
20260608 16:46:25.358,818.033,4,1,1,0.0,234.996,0.00,434.40,0.00,change
20260608 16:46:25.407,818.083,4,1,1,0.0,234.996,0.00,434.35,0.00,change
20260608 16:46:25.457,818.133,4,1,1,0.0,234.996,0.00,434.29,0.00,change
20260608 16:46:25.508,818.183,4,1,1,0.0,234.996,0.00,434.24,0.00,change
20260608 16:46:25.557,818.233,4,1,1,0.0,234.996,0.00,434.19,0.00,change
20260608 16:46:25.607,818.283,4,1,1,0.0,234.996,0.00,434.14,0.00,change
20260608 16:46:25.658,818.333,4,1,1,0.0,234.996,0.00,434.09,0.00,change
20260608 16:46:25.707,818.383,4,1,1,0.0,234.996,0.00,434.04,0.00,change
20260608 16:46:25.758,818.433,4,1,1,0.0,234.996,0.00,433.99,0.00,change
20260608 16:46:25.807,818.483,4,1,1,0.0,234.996,0.00,433.94,0.00,change
20260608 16:46:25.858,818.533,4,1,1,0.0,234.996,0.00,433.89,0.00,change
20260608 16:46:25.907,818.583,4,1,1,0.0,234.996,0.00,433.84,0.00,change
20260608 16:46:25.957,818.633,4,1,1,0.0,234.996,0.00,433.79,0.00,change
20260608 16:46:26.007,818.683,4,1,1,0.0,234.996,0.00,433.74,0.00,change
20260608 16:46:26.058,818.733,4,1,1,0.0,234.996,0.00,433.69,0.00,change
20260608 16:46:26.107,818.783,4,1,1,0.0,234.996,0.00,433.64,0.00,change
20260608 16:46:26.158,818.833,4,1,1,0.0,234.996,0.00,433.59,0.00,change
20260608 16:46:26.208,818.883,4,1,1,0.0,234.996,0.00,433.54,0.00,change
20260608 16:46:26.258,818.933,4,1,1,0.0,234.996,0.00,433.49,0.00,change
20260608 16:46:26.307,818.983,4,1,1,0.0,234.996,0.00,433.44,0.00,change
20260608 16:46:26.357,819.033,4,1,1,0.0,234.996,0.00,433.39,0.00,change
20260608 16:46:26.408,819.083,4,1,1,0.0,234.996,0.00,433.33,0.00,change
20260608 16:46:26.457,819.133,4,1,1,0.0,234.996,0.00,433.28,0.00,change
20260608 16:46:26.507,819.183,4,1,1,0.0,234.996,0.00,433.23,0.00,change
20260608 16:46:26.558,819.233,4,1,1,0.0,234.996,0.00,433.18,0.00,change
20260608 16:46:26.607,819.283,4,1,1,0.0,234.996,0.00,433.13,0.00,change
20260608 16:46:26.657,819.333,4,1,1,0.0,234.996,0.00,433.08,0.00,change
20260608 16:46:26.708,819.383,4,1,1,0.0,234.996,0.00,433.03,0.00,change
20260608 16:46:26.758,819.433,4,1,1,0.0,234.996,0.00,432.98,0.00,change
20260608 16:46:26.808,819.483,4,1,1,0.0,234.996,0.00,432.93,0.00,change
20260608 16:46:26.857,819.533,4,1,1,0.0,234.996,0.00,432.88,0.00,change
20260608 16:46:26.907,819.583,4,1,1,0.0,234.996,0.00,432.83,0.00,change
20260608 16:46:26.957,819.633,4,1,1,0.0,234.996,0.00,432.78,0.00,change
20260608 16:46:27.007,819.683,4,1,1,0.0,234.996,0.00,432.73,0.00,change
20260608 16:46:27.057,819.733,4,1,1,0.0,234.996,0.00,432.68,0.00,change
20260608 16:46:27.107,819.783,4,1,1,0.0,234.996,0.00,432.63,0.00,change
20260608 16:46:27.158,819.833,4,1,1,0.0,234.996,0.00,432.58,0.00,change
20260608 16:46:27.208,819.883,4,1,1,0.0,234.996,0.00,432.53,0.00,change
20260608 16:46:27.257,819.933,4,1,1,0.0,234.996,0.00,432.48,0.00,change
20260608 16:46:27.307,819.983,4,1,1,0.0,234.996,0.00,432.43,0.00,change
20260608 16:46:27.357,820.033,4,1,1,0.0,234.996,0.00,432.37,0.00,change
20260608 16:46:27.406,820.083,4,1,1,0.0,234.996,0.00,432.32,0.00,change
20260608 16:46:27.457,820.133,4,1,1,0.0,234.996,0.00,432.27,0.00,change
20260608 16:46:27.507,820.183,4,1,1,0.0,234.996,0.00,432.22,0.00,change
20260608 16:46:27.557,820.233,4,1,1,0.0,234.996,0.00,432.17,0.00,change
20260608 16:46:27.607,820.283,4,1,1,0.0,234.996,0.00,432.12,0.00,change
20260608 16:46:27.657,820.333,4,1,1,0.0,234.996,0.00,432.07,0.00,change
20260608 16:46:27.707,820.383,4,1,1,0.0,234.996,0.00,432.02,0.00,change
20260608 16:46:27.757,820.433,4,1,1,0.0,234.996,0.00,431.97,0.00,change
20260608 16:46:27.807,820.483,4,1,1,0.0,234.996,0.00,431.92,0.00,change
20260608 16:46:27.858,820.533,4,1,1,0.0,234.996,0.00,431.87,0.00,change
20260608 16:46:27.908,820.583,4,1,1,0.0,234.996,0.00,431.82,0.00,change
20260608 16:46:27.957,820.633,4,1,1,0.0,234.996,0.00,431.77,0.00,change
20260608 16:46:28.008,820.683,4,1,1,0.0,234.996,0.00,431.72,0.00,change
20260608 16:46:28.058,820.733,4,1,1,0.0,234.996,0.00,431.67,0.00,change
20260608 16:46:28.108,820.783,4,1,1,0.0,234.996,0.00,431.62,0.00,change
20260608 16:46:28.157,820.833,4,1,1,0.0,234.996,0.00,431.57,0.00,change
20260608 16:46:28.207,820.883,4,1,1,0.0,234.996,0.00,431.52,0.00,change
20260608 16:46:28.257,820.933,4,1,1,0.0,234.996,0.00,431.47,0.00,change
20260608 16:46:28.308,820.983,4,1,1,0.0,234.996,0.00,431.41,0.00,change
20260608 16:46:28.357,821.033,4,1,1,0.0,234.996,0.00,431.36,0.00,change
20260608 16:46:28.407,821.083,4,1,1,0.0,234.996,0.00,431.31,0.00,change
20260608 16:46:28.458,821.133,4,1,1,0.0,234.996,0.00,431.26,0.00,change
20260608 16:46:28.507,821.183,4,1,1,0.0,234.996,0.00,431.21,0.00,change
20260608 16:46:28.557,821.233,4,1,1,0.0,234.996,0.00,431.16,0.00,change
20260608 16:46:28.607,821.283,4,1,1,0.0,234.996,0.00,431.11,0.00,change
20260608 16:46:28.657,821.333,4,1,1,0.0,234.996,0.00,431.06,0.00,change
20260608 16:46:28.707,821.383,4,1,1,0.0,234.996,0.00,431.01,0.00,change
20260608 16:46:28.759,821.433,4,1,1,0.0,234.996,0.00,430.96,0.00,change
20260608 16:46:28.807,821.483,4,1,1,0.0,234.996,0.00,430.91,0.00,change
20260608 16:46:28.858,821.533,4,1,1,0.0,234.996,0.00,430.86,0.00,change
20260608 16:46:28.909,821.583,4,1,1,0.0,234.996,0.00,430.81,0.00,change
20260608 16:46:28.960,821.633,4,1,1,0.0,234.996,0.00,430.76,0.00,change
20260608 16:46:29.008,821.683,4,1,1,0.0,234.996,0.00,430.71,0.00,change
20260608 16:46:29.057,821.733,4,1,1,0.0,234.996,0.00,430.66,0.00,change
20260608 16:46:29.107,821.783,4,1,1,0.0,234.996,0.00,430.61,0.00,change
20260608 16:46:29.157,821.833,4,1,1,0.0,234.996,0.00,430.56,0.00,change
20260608 16:46:29.207,821.883,4,1,1,0.0,234.996,0.00,430.51,0.00,change
20260608 16:46:29.258,821.933,4,1,1,0.0,234.996,0.00,430.45,0.00,change
20260608 16:46:29.308,821.983,4,1,1,0.0,234.996,0.00,430.40,0.00,change
20260608 16:46:29.357,822.033,4,1,1,0.0,234.996,0.00,430.35,0.00,change
20260608 16:46:29.407,822.083,4,1,1,0.0,234.996,0.00,430.30,0.00,change
20260608 16:46:29.457,822.133,4,1,1,0.0,234.996,0.00,430.25,0.00,change
20260608 16:46:29.507,822.183,4,1,1,0.0,234.996,0.00,430.20,0.00,change
20260608 16:46:29.558,822.233,4,1,1,0.0,234.996,0.00,430.15,0.00,change
20260608 16:46:29.607,822.283,4,1,1,0.0,234.996,0.00,430.10,0.00,change
20260608 16:46:29.657,822.333,4,1,1,0.0,234.996,0.00,430.05,0.00,change
20260608 16:46:29.708,822.383,4,1,1,0.0,234.996,0.00,430.00,0.00,change
20260608 16:46:29.758,822.433,4,1,1,0.0,234.996,0.00,429.95,0.00,change
20260608 16:46:29.808,822.483,4,1,1,0.0,234.996,0.00,429.90,0.00,change
20260608 16:46:29.857,822.533,4,1,1,0.0,234.996,0.00,429.85,0.00,change
20260608 16:46:29.907,822.583,4,1,1,0.0,234.996,0.00,429.80,0.00,change
20260608 16:46:29.957,822.633,4,1,1,0.0,234.996,0.00,429.75,0.00,change
20260608 16:46:30.008,822.683,4,1,1,0.0,234.996,0.00,429.70,0.00,change
20260608 16:46:30.058,822.733,4,1,1,0.0,234.996,0.00,429.65,0.00,change
20260608 16:46:30.108,822.783,4,1,1,0.0,234.996,0.00,429.60,0.00,change
20260608 16:46:30.158,822.833,4,1,1,0.0,234.996,0.00,429.55,0.00,change
20260608 16:46:30.207,822.883,4,1,1,0.0,234.996,0.00,429.49,0.00,change
20260608 16:46:30.257,822.933,4,1,1,0.0,234.996,0.00,429.44,0.00,change
20260608 16:46:30.307,822.983,4,1,1,0.0,234.996,0.00,429.39,0.00,change
20260608 16:46:30.357,823.033,4,1,1,0.0,234.996,0.00,429.34,0.00,change
20260608 16:46:30.407,823.083,4,1,1,0.0,234.996,0.00,429.29,0.00,change
20260608 16:46:30.457,823.133,4,1,1,0.0,234.996,0.00,429.24,0.00,change
20260608 16:46:30.507,823.183,4,1,1,0.0,234.996,0.00,429.19,0.00,change
20260608 16:46:30.557,823.233,4,1,1,0.0,234.996,0.00,429.14,0.00,change
20260608 16:46:30.607,823.283,4,1,1,0.0,234.996,0.00,429.09,0.00,change
20260608 16:46:30.658,823.333,4,1,1,0.0,234.996,0.00,429.04,0.00,change
20260608 16:46:30.708,823.383,4,1,1,0.0,234.996,0.00,428.99,0.00,change
20260608 16:46:30.759,823.433,4,1,1,0.0,234.996,0.00,428.94,0.00,change
20260608 16:46:30.808,823.483,4,1,1,0.0,234.996,0.00,428.89,0.00,change
20260608 16:46:30.857,823.533,4,1,1,0.0,234.996,0.00,428.84,0.00,change
20260608 16:46:30.910,823.583,4,1,1,0.0,234.996,0.00,428.79,0.00,change
20260608 16:46:30.958,823.633,4,1,1,0.0,234.996,0.00,428.74,0.00,change
20260608 16:46:31.008,823.683,4,1,1,0.0,234.996,0.00,428.69,0.00,change
20260608 16:46:31.059,823.733,4,1,1,0.0,234.996,0.00,428.64,0.00,change
20260608 16:46:31.109,823.783,4,1,1,0.0,234.996,0.00,428.59,0.00,change
20260608 16:46:31.160,823.833,4,1,1,0.0,234.996,0.00,428.53,0.00,change
20260608 16:46:31.207,823.883,4,1,1,0.0,234.996,0.00,428.48,0.00,change
20260608 16:46:31.258,823.933,4,1,1,0.0,234.996,0.00,428.43,0.00,change
20260608 16:46:31.307,823.983,4,1,1,0.0,234.996,0.00,428.38,0.00,change
20260608 16:46:31.359,824.033,4,1,1,0.0,234.996,0.00,428.33,0.00,change
20260608 16:46:31.408,824.083,4,1,1,0.0,234.996,0.00,428.28,0.00,change
20260608 16:46:31.457,824.133,4,1,1,0.0,234.996,0.00,428.23,0.00,change
20260608 16:46:31.509,824.183,4,1,1,0.0,234.996,0.00,428.18,0.00,change
20260608 16:46:31.559,824.233,4,1,1,0.0,234.996,0.00,428.13,0.00,change
20260608 16:46:31.608,824.283,4,1,1,0.0,234.996,0.00,428.08,0.00,change
20260608 16:46:31.657,824.333,4,1,1,0.0,234.996,0.00,428.03,0.00,change
20260608 16:46:31.707,824.383,4,1,1,0.0,234.996,0.00,427.98,0.00,change
20260608 16:46:31.758,824.433,4,1,1,0.0,234.996,0.00,427.93,0.00,change
20260608 16:46:31.807,824.483,4,1,1,0.0,234.996,0.00,427.88,0.00,change
20260608 16:46:31.857,824.533,4,1,1,0.0,234.996,0.00,427.83,0.00,change
20260608 16:46:31.907,824.583,4,1,1,0.0,234.996,0.00,427.78,0.00,change
20260608 16:46:31.957,824.633,4,1,1,0.0,234.996,0.00,427.73,0.00,change
20260608 16:46:32.008,824.683,4,1,1,0.0,234.996,0.00,427.68,0.00,change
20260608 16:46:32.058,824.733,4,1,1,0.0,234.996,0.00,427.62,0.00,change
20260608 16:46:32.107,824.783,4,1,1,0.0,234.996,0.00,427.57,0.00,change
20260608 16:46:32.160,824.833,4,1,1,0.0,234.996,0.00,427.52,0.00,change
20260608 16:46:32.208,824.883,4,1,1,0.0,234.996,0.00,427.47,0.00,change
20260608 16:46:32.258,824.933,4,1,1,0.0,234.996,0.00,427.42,0.00,change
20260608 16:46:32.307,824.983,4,1,1,0.0,234.996,0.00,427.37,0.00,change
20260608 16:46:32.359,825.033,4,1,1,0.0,234.996,0.00,427.32,0.00,change
20260608 16:46:32.408,825.083,4,1,1,0.0,234.996,0.00,427.27,0.00,change
20260608 16:46:32.459,825.133,4,1,1,0.0,234.996,0.00,427.22,0.00,change
20260608 16:46:32.509,825.183,4,1,1,0.0,234.996,0.00,427.17,0.00,change
20260608 16:46:32.557,825.233,4,1,1,0.0,234.996,0.00,427.12,0.00,change
20260608 16:46:32.608,825.283,4,1,1,0.0,234.996,0.00,427.07,0.00,change
20260608 16:46:32.657,825.333,4,1,1,0.0,234.996,0.00,427.02,0.00,change
20260608 16:46:32.708,825.383,4,1,1,0.0,234.996,0.00,426.97,0.00,change
20260608 16:46:32.758,825.433,4,1,1,0.0,234.996,0.00,426.92,0.00,change
20260608 16:46:32.809,825.483,4,1,1,0.0,234.996,0.00,426.87,0.00,change
20260608 16:46:32.858,825.533,4,1,1,0.0,234.996,0.00,426.82,0.00,change
20260608 16:46:32.907,825.583,4,1,1,0.0,234.996,0.00,426.77,0.00,change
20260608 16:46:32.957,825.633,4,1,1,0.0,234.996,0.00,426.72,0.00,change
20260608 16:46:33.007,825.683,4,1,1,0.0,234.996,0.00,426.66,0.00,change
20260608 16:46:33.059,825.733,4,1,1,0.0,234.996,0.00,426.61,0.00,change
20260608 16:46:33.108,825.783,4,1,1,0.0,234.996,0.00,426.56,0.00,change
20260608 16:46:33.157,825.833,4,1,1,0.0,234.996,0.00,426.51,0.00,change
20260608 16:46:33.207,825.883,4,1,1,0.0,234.996,0.00,426.46,0.00,change
20260608 16:46:33.260,825.933,4,1,1,0.0,234.996,0.00,426.41,0.00,change
20260608 16:46:33.308,825.983,4,1,1,0.0,234.996,0.00,426.36,0.00,change
20260608 16:46:33.361,826.033,4,1,1,0.0,234.996,0.00,426.31,0.00,change
20260608 16:46:33.409,826.083,4,1,1,0.0,234.996,0.00,426.26,0.00,change
20260608 16:46:33.458,826.133,4,1,1,0.0,234.996,0.00,426.21,0.00,change
20260608 16:46:33.508,826.183,4,1,1,0.0,234.996,0.00,426.16,0.00,change
20260608 16:46:33.558,826.233,4,1,1,0.0,234.996,0.00,426.11,0.00,change
20260608 16:46:33.608,826.283,4,1,1,0.0,234.996,0.00,426.06,0.00,change
20260608 16:46:33.660,826.333,4,1,1,0.0,234.996,0.00,426.01,0.00,change
20260608 16:46:33.709,826.383,4,1,1,0.0,234.996,0.00,425.96,0.00,change
20260608 16:46:33.757,826.433,4,1,1,0.0,234.996,0.00,425.91,0.00,change
20260608 16:46:33.808,826.483,4,1,1,0.0,234.996,0.00,425.86,0.00,change
20260608 16:46:33.857,826.533,4,1,1,0.0,234.996,0.00,425.81,0.00,change
20260608 16:46:33.909,826.583,4,1,1,0.0,234.996,0.00,425.76,0.00,change
20260608 16:46:33.958,826.633,4,1,1,0.0,234.996,0.00,425.70,0.00,change
20260608 16:46:34.008,826.683,4,1,1,0.0,234.996,0.00,425.65,0.00,change
20260608 16:46:34.058,826.733,4,1,1,0.0,234.996,0.00,425.60,0.00,change
20260608 16:46:34.107,826.783,4,1,1,0.0,234.996,0.00,425.55,0.00,change
20260608 16:46:34.159,826.833,4,1,1,0.0,234.996,0.00,425.50,0.00,change
20260608 16:46:34.208,826.883,4,1,1,0.0,234.996,0.00,425.45,0.00,change
20260608 16:46:34.259,826.933,4,1,1,0.0,234.996,0.00,425.40,0.00,change
20260608 16:46:34.309,826.983,4,1,1,0.0,234.996,0.00,425.35,0.00,change
20260608 16:46:34.357,827.033,4,1,1,0.0,234.996,0.00,425.30,0.00,change
20260608 16:46:34.410,827.083,4,1,1,0.0,234.996,0.00,425.25,0.00,change
20260608 16:46:34.459,827.133,4,1,1,0.0,234.996,0.00,425.20,0.00,change
20260608 16:46:34.509,827.183,4,1,1,0.0,234.996,0.00,425.15,0.00,change
20260608 16:46:34.557,827.233,4,1,1,0.0,234.996,0.00,425.10,0.00,change
20260608 16:46:34.608,827.283,4,1,1,0.0,234.996,0.00,425.05,0.00,change
20260608 16:46:34.657,827.333,4,1,1,0.0,234.996,0.00,425.00,0.00,change
20260608 16:46:34.707,827.383,4,1,1,0.0,234.996,0.00,424.95,0.00,change
20260608 16:46:34.757,827.433,4,1,1,0.0,234.996,0.00,424.90,0.00,change
20260608 16:46:34.808,827.483,4,1,1,0.0,234.996,0.00,424.85,0.00,change
20260608 16:46:34.857,827.533,4,1,1,0.0,234.996,0.00,424.80,0.00,change
20260608 16:46:34.908,827.583,4,1,1,0.0,234.996,0.00,424.74,0.00,change
20260608 16:46:34.957,827.633,4,1,1,0.0,234.996,0.00,424.69,0.00,change
20260608 16:46:35.009,827.683,4,1,1,0.0,234.996,0.00,424.64,0.00,change
20260608 16:46:35.059,827.733,4,1,1,0.0,234.996,0.00,424.59,0.00,change
20260608 16:46:35.108,827.783,4,1,1,0.0,234.996,0.00,424.54,0.00,change
20260608 16:46:35.157,827.833,4,1,1,0.0,234.996,0.00,424.49,0.00,change
20260608 16:46:35.207,827.883,4,1,1,0.0,234.996,0.00,424.44,0.00,change
20260608 16:46:35.259,827.933,4,1,1,0.0,234.996,0.00,424.39,0.00,change
20260608 16:46:35.309,827.983,4,1,1,0.0,234.996,0.00,424.34,0.00,change
20260608 16:46:35.359,828.033,4,1,1,0.0,234.996,0.00,424.29,0.00,change
20260608 16:46:35.409,828.083,4,1,1,0.0,234.996,0.00,424.24,0.00,change
20260608 16:46:35.457,828.133,4,1,1,0.0,234.996,0.00,424.19,0.00,change
20260608 16:46:35.508,828.183,4,1,1,0.0,234.996,0.00,424.14,0.00,change
20260608 16:46:35.559,828.233,4,1,1,0.0,234.996,0.00,424.09,0.00,change
20260608 16:46:35.609,828.283,4,1,1,0.0,234.996,0.00,424.04,0.00,change
20260608 16:46:35.659,828.333,4,1,1,0.0,234.996,0.00,423.99,0.00,change
20260608 16:46:35.708,828.383,4,1,1,0.0,234.996,0.00,423.94,0.00,change
20260608 16:46:35.758,828.433,4,1,1,0.0,234.996,0.00,423.89,0.00,change
20260608 16:46:35.808,828.483,4,1,1,0.0,234.996,0.00,423.84,0.00,change
20260608 16:46:35.859,828.533,4,1,1,0.0,234.996,0.00,423.78,0.00,change
20260608 16:46:35.908,828.583,4,1,1,0.0,234.996,0.00,423.73,0.00,change
20260608 16:46:35.958,828.633,4,1,1,0.0,234.996,0.00,423.68,0.00,change
20260608 16:46:36.008,828.683,4,1,1,0.0,234.996,0.00,423.63,0.00,change
20260608 16:46:36.059,828.733,4,1,1,0.0,234.996,0.00,423.58,0.00,change
20260608 16:46:36.108,828.783,4,1,1,0.0,234.996,0.00,423.53,0.00,change
20260608 16:46:36.157,828.833,4,1,1,0.0,234.996,0.00,423.48,0.00,change
20260608 16:46:36.209,828.883,4,1,1,0.0,234.996,0.00,423.43,0.00,change
20260608 16:46:36.259,828.933,4,1,1,0.0,234.996,0.00,423.38,0.00,change
20260608 16:46:36.309,828.983,4,1,1,0.0,234.996,0.00,423.33,0.00,change
20260608 16:46:36.359,829.033,4,1,1,0.0,234.996,0.00,423.28,0.00,change
20260608 16:46:36.409,829.083,4,1,1,0.0,234.996,0.00,423.23,0.00,change
20260608 16:46:36.459,829.133,4,1,1,0.0,234.996,0.00,423.18,0.00,change
20260608 16:46:36.509,829.183,4,1,1,0.0,234.996,0.00,423.13,0.00,change
20260608 16:46:36.560,829.233,4,1,1,0.0,234.996,0.00,423.08,0.00,change
20260608 16:46:36.609,829.283,4,1,1,0.0,234.996,0.00,423.03,0.00,change
20260608 16:46:36.659,829.333,4,1,1,0.0,234.996,0.00,422.98,0.00,change
20260608 16:46:36.709,829.383,4,1,1,0.0,234.996,0.00,422.93,0.00,change
20260608 16:46:36.757,829.433,4,1,1,0.0,234.996,0.00,422.88,0.00,change
20260608 16:46:36.808,829.483,4,1,1,0.0,234.996,0.00,422.82,0.00,change
20260608 16:46:36.858,829.533,4,1,1,0.0,234.996,0.00,422.77,0.00,change
20260608 16:46:36.910,829.583,4,1,1,0.0,234.996,0.00,422.72,0.00,change
20260608 16:46:36.960,829.633,4,1,1,0.0,234.996,0.00,422.67,0.00,change
20260608 16:46:37.009,829.683,4,1,1,0.0,234.996,0.00,422.62,0.00,change
20260608 16:46:37.059,829.733,4,1,1,0.0,234.996,0.00,422.57,0.00,change
20260608 16:46:37.108,829.783,4,1,1,0.0,234.996,0.00,422.52,0.00,change
20260608 16:46:37.158,829.833,4,1,1,0.0,234.996,0.00,422.47,0.00,change
20260608 16:46:37.208,829.883,4,1,1,0.0,234.996,0.00,422.42,0.00,change
20260608 16:46:37.258,829.933,4,1,1,0.0,234.996,0.00,422.37,0.00,change
20260608 16:46:37.307,829.983,4,1,1,0.0,234.996,0.00,422.32,0.00,change
20260608 16:46:37.359,830.033,4,1,1,0.0,234.996,0.00,422.27,0.00,change
20260608 16:46:37.407,830.083,4,1,1,0.0,234.996,0.00,422.22,0.00,change
20260608 16:46:37.458,830.133,4,1,1,0.0,234.996,0.00,422.17,0.00,change
20260608 16:46:37.508,830.183,4,1,1,0.0,234.996,0.00,422.12,0.00,change
20260608 16:46:37.558,830.233,4,1,1,0.0,234.996,0.00,422.07,0.00,change
20260608 16:46:37.609,830.283,4,1,1,0.0,234.996,0.00,422.02,0.00,change
20260608 16:46:37.659,830.333,4,1,1,0.0,234.996,0.00,421.97,0.00,change
20260608 16:46:37.708,830.383,4,1,1,0.0,234.996,0.00,421.92,0.00,change
20260608 16:46:37.760,830.433,4,1,1,0.0,234.996,0.00,421.86,0.00,change
20260608 16:46:37.809,830.483,4,1,1,0.0,234.996,0.00,421.81,0.00,change
20260608 16:46:37.858,830.533,4,1,1,0.0,234.996,0.00,421.76,0.00,change
20260608 16:46:37.908,830.583,4,1,1,0.0,234.996,0.00,421.71,0.00,change
20260608 16:46:37.958,830.633,4,1,1,0.0,234.996,0.00,421.66,0.00,change
20260608 16:46:38.008,830.683,4,1,1,0.0,234.996,0.00,421.61,0.00,change
20260608 16:46:38.058,830.733,4,1,1,0.0,234.996,0.00,421.56,0.00,change
20260608 16:46:38.108,830.783,4,1,1,0.0,234.996,0.00,421.51,0.00,change
20260608 16:46:38.159,830.833,4,1,1,0.0,234.996,0.00,421.46,0.00,change
20260608 16:46:38.209,830.883,4,1,1,0.0,234.996,0.00,421.41,0.00,change
20260608 16:46:38.258,830.933,4,1,1,0.0,234.996,0.00,421.36,0.00,change
20260608 16:46:38.308,830.983,4,1,1,0.0,234.996,0.00,421.31,0.00,change
20260608 16:46:38.358,831.033,4,1,1,0.0,234.996,0.00,421.26,0.00,change
20260608 16:46:38.409,831.083,4,1,1,0.0,234.996,0.00,421.21,0.00,change
20260608 16:46:38.459,831.133,4,1,1,0.0,234.996,0.00,421.16,0.00,change
20260608 16:46:38.509,831.183,4,1,1,0.0,234.996,0.00,421.11,0.00,change
20260608 16:46:38.559,831.233,4,1,1,0.0,234.996,0.00,421.06,0.00,change
20260608 16:46:38.608,831.283,4,1,1,0.0,234.996,0.00,421.01,0.00,change
20260608 16:46:38.659,831.333,4,1,1,0.0,234.996,0.00,420.96,0.00,change
20260608 16:46:38.708,831.383,4,1,1,0.0,234.996,0.00,420.90,0.00,change
20260608 16:46:38.758,831.433,4,1,1,0.0,234.996,0.00,420.85,0.00,change
20260608 16:46:38.808,831.483,4,1,1,0.0,234.996,0.00,420.80,0.00,change
20260608 16:46:38.858,831.533,4,1,1,0.0,234.996,0.00,420.75,0.00,change
20260608 16:46:38.909,831.583,4,1,1,0.0,234.996,0.00,420.70,0.00,change
20260608 16:46:38.958,831.633,4,1,1,0.0,234.996,0.00,420.65,0.00,change
20260608 16:46:39.007,831.683,4,1,1,0.0,234.996,0.00,420.60,0.00,change
20260608 16:46:39.058,831.733,4,1,1,0.0,234.996,0.00,420.55,0.00,change
20260608 16:46:39.108,831.783,4,1,1,0.0,234.996,0.00,420.50,0.00,change
20260608 16:46:39.160,831.833,4,1,1,0.0,234.996,0.00,420.45,0.00,change
20260608 16:46:39.207,831.883,4,1,1,0.0,234.996,0.00,420.40,0.00,change
20260608 16:46:39.258,831.933,4,1,1,0.0,234.996,0.00,420.35,0.00,change
20260608 16:46:39.309,831.983,4,1,1,0.0,234.996,0.00,420.30,0.00,change
20260608 16:46:39.359,832.033,4,1,1,0.0,234.996,0.00,420.25,0.00,change
20260608 16:46:39.408,832.083,4,1,1,0.0,234.996,0.00,420.20,0.00,change
20260608 16:46:39.458,832.133,4,1,1,0.0,234.996,0.00,420.15,0.00,change
20260608 16:46:39.509,832.183,4,1,1,0.0,234.996,0.00,420.10,0.00,change
20260608 16:46:39.560,832.233,4,1,1,0.0,234.996,0.00,420.05,0.00,change
20260608 16:46:39.608,832.283,4,1,1,0.0,234.996,0.00,420.00,0.00,change
20260608 16:46:39.658,832.333,4,1,1,0.0,234.996,0.00,419.94,0.00,change
20260608 16:46:39.709,832.383,4,1,1,0.0,234.996,0.00,419.89,0.00,change
20260608 16:46:39.759,832.433,4,1,1,0.0,234.996,0.00,419.84,0.00,change
20260608 16:46:39.808,832.483,4,1,1,0.0,234.996,0.00,419.79,0.00,change
20260608 16:46:39.858,832.533,4,1,1,0.0,234.996,0.00,419.74,0.00,change
20260608 16:46:39.908,832.583,4,1,1,0.0,234.996,0.00,419.69,0.00,change
20260608 16:46:39.959,832.633,4,1,1,0.0,234.996,0.00,419.64,0.00,change
20260608 16:46:40.009,832.683,4,1,1,0.0,234.996,0.00,419.59,0.00,change
20260608 16:46:40.059,832.733,4,1,1,0.0,234.996,0.00,419.54,0.00,change
20260608 16:46:40.109,832.783,4,1,1,0.0,234.996,0.00,419.49,0.00,change
20260608 16:46:40.160,832.833,4,1,1,0.0,234.996,0.00,419.44,0.00,change
20260608 16:46:40.208,832.883,4,1,1,0.0,234.996,0.00,419.39,0.00,change
20260608 16:46:40.259,832.933,4,1,1,0.0,234.996,0.00,419.34,0.00,change
20260608 16:46:40.308,832.983,4,1,1,0.0,234.996,0.00,419.29,0.00,change
20260608 16:46:40.359,833.033,4,1,1,0.0,234.996,0.00,419.24,0.00,change
20260608 16:46:40.408,833.083,4,1,1,0.0,234.996,0.00,419.19,0.00,change
20260608 16:46:40.458,833.133,4,1,1,0.0,234.996,0.00,419.14,0.00,change
20260608 16:46:40.509,833.183,4,1,1,0.0,234.996,0.00,419.09,0.00,change
20260608 16:46:40.558,833.233,4,1,1,0.0,234.996,0.00,419.04,0.00,change
20260608 16:46:40.609,833.283,4,1,1,0.0,234.996,0.00,418.98,0.00,change
20260608 16:46:40.658,833.333,4,1,1,0.0,234.996,0.00,418.93,0.00,change
20260608 16:46:40.709,833.383,4,1,1,0.0,234.996,0.00,418.88,0.00,change
20260608 16:46:40.758,833.433,4,1,1,0.0,234.996,0.00,418.83,0.00,change
20260608 16:46:40.808,833.483,4,1,1,0.0,234.996,0.00,418.78,0.00,change
20260608 16:46:40.858,833.533,4,1,1,0.0,234.996,0.00,418.73,0.00,change
20260608 16:46:40.908,833.583,4,1,1,0.0,234.996,0.00,418.68,0.00,change
20260608 16:46:40.958,833.633,4,1,1,0.0,234.996,0.00,418.63,0.00,change
20260608 16:46:41.009,833.683,4,1,1,0.0,234.996,0.00,418.58,0.00,change
20260608 16:46:41.059,833.733,4,1,1,0.0,234.996,0.00,418.53,0.00,change
20260608 16:46:41.109,833.783,4,1,1,0.0,234.996,0.00,418.48,0.00,change
20260608 16:46:41.159,833.833,4,1,1,0.0,234.996,0.00,418.43,0.00,change
20260608 16:46:41.208,833.883,4,1,1,0.0,234.996,0.00,418.38,0.00,change
20260608 16:46:41.258,833.933,4,1,1,0.0,234.996,0.00,418.33,0.00,change
20260608 16:46:41.308,833.983,4,1,1,0.0,234.996,0.00,418.28,0.00,change
20260608 16:46:41.358,834.033,4,1,1,0.0,234.996,0.00,418.23,0.00,change
20260608 16:46:41.408,834.083,4,1,1,0.0,234.996,0.00,418.18,0.00,change
20260608 16:46:41.459,834.133,4,1,1,0.0,234.996,0.00,418.13,0.00,change
20260608 16:46:41.508,834.183,4,1,1,0.0,234.996,0.00,418.08,0.00,change
20260608 16:46:41.558,834.233,4,1,1,0.0,234.996,0.00,418.02,0.00,change
20260608 16:46:41.609,834.283,4,1,1,0.0,234.996,0.00,417.97,0.00,change
20260608 16:46:41.659,834.333,4,1,1,0.0,234.996,0.00,417.92,0.00,change
20260608 16:46:41.709,834.383,4,1,1,0.0,234.996,0.00,417.87,0.00,change
20260608 16:46:41.758,834.433,4,1,1,0.0,234.996,0.00,417.82,0.00,change
20260608 16:46:41.808,834.483,4,1,1,0.0,234.996,0.00,417.77,0.00,change
20260608 16:46:41.858,834.533,4,1,1,0.0,234.996,0.00,417.72,0.00,change
20260608 16:46:41.909,834.583,4,1,1,0.0,234.996,0.00,417.67,0.00,change
20260608 16:46:41.959,834.633,4,1,1,0.0,234.996,0.00,417.62,0.00,change
20260608 16:46:42.009,834.683,4,1,1,0.0,234.996,0.00,417.57,0.00,change
20260608 16:46:42.058,834.733,4,1,1,0.0,234.996,0.00,417.52,0.00,change
20260608 16:46:42.110,834.783,4,1,1,0.0,234.996,0.00,417.47,0.00,change
20260608 16:46:42.158,834.833,4,1,1,0.0,234.996,0.00,417.42,0.00,change
20260608 16:46:42.210,834.883,4,1,1,0.0,234.996,0.00,417.37,0.00,change
20260608 16:46:42.259,834.933,4,1,1,0.0,234.996,0.00,417.32,0.00,change
20260608 16:46:42.309,834.983,4,1,1,0.0,234.996,0.00,417.27,0.00,change
20260608 16:46:42.359,835.033,4,1,1,0.0,234.996,0.00,417.22,0.00,change
20260608 16:46:42.408,835.083,4,1,1,0.0,234.996,0.00,417.17,0.00,change
20260608 16:46:42.458,835.133,4,1,1,0.0,234.996,0.00,417.12,0.00,change
20260608 16:46:42.509,835.183,4,1,1,0.0,234.996,0.00,417.06,0.00,change
20260608 16:46:42.558,835.233,4,1,1,0.0,234.996,0.00,417.01,0.00,change
20260608 16:46:42.608,835.283,4,1,1,0.0,234.996,0.00,416.96,0.00,change
20260608 16:46:42.658,835.333,4,1,1,0.0,234.996,0.00,416.91,0.00,change
20260608 16:46:42.709,835.383,4,1,1,0.0,234.996,0.00,416.86,0.00,change
20260608 16:46:42.759,835.433,4,1,1,0.0,234.996,0.00,416.81,0.00,change
20260608 16:46:42.809,835.483,4,1,1,0.0,234.996,0.00,416.76,0.00,change
20260608 16:46:42.858,835.533,4,1,1,0.0,234.996,0.00,416.71,0.00,change
20260608 16:46:42.908,835.583,4,1,1,0.0,234.996,0.00,416.66,0.00,change
20260608 16:46:42.958,835.633,4,1,1,0.0,234.996,0.00,416.61,0.00,change
20260608 16:46:43.009,835.683,4,1,1,0.0,234.996,0.00,416.56,0.00,change
20260608 16:46:43.058,835.733,4,1,1,0.0,234.996,0.00,416.51,0.00,change
20260608 16:46:43.108,835.783,4,1,1,0.0,234.996,0.00,416.46,0.00,change
20260608 16:46:43.158,835.833,4,1,1,0.0,234.996,0.00,416.41,0.00,change
20260608 16:46:43.209,835.883,4,1,1,0.0,234.996,0.00,416.36,0.00,change
20260608 16:46:43.259,835.933,4,1,1,0.0,234.996,0.00,416.31,0.00,change
20260608 16:46:43.309,835.983,4,1,1,0.0,234.996,0.00,416.26,0.00,change
20260608 16:46:43.358,836.033,4,1,1,0.0,234.996,0.00,416.21,0.00,change
20260608 16:46:43.409,836.083,4,1,1,0.0,234.996,0.00,416.16,0.00,change
20260608 16:46:43.458,836.133,4,1,1,0.0,234.996,0.00,416.10,0.00,change
20260608 16:46:43.508,836.183,4,1,1,0.0,234.996,0.00,416.05,0.00,change
20260608 16:46:43.558,836.233,4,1,1,0.0,234.996,0.00,416.00,0.00,change
20260608 16:46:43.608,836.283,4,1,1,0.0,234.996,0.00,415.95,0.00,change
20260608 16:46:43.658,836.333,4,1,1,0.0,234.996,0.00,415.90,0.00,change
20260608 16:46:43.708,836.383,4,1,1,0.0,234.996,0.00,415.85,0.00,change
20260608 16:46:43.758,836.433,4,1,1,0.0,234.996,0.00,415.80,0.00,change
20260608 16:46:43.808,836.483,4,1,1,0.0,234.996,0.00,415.75,0.00,change
20260608 16:46:43.859,836.533,4,1,1,0.0,234.996,0.00,415.70,0.00,change
20260608 16:46:43.908,836.583,4,1,1,0.0,234.996,0.00,415.65,0.00,change
20260608 16:46:43.958,836.633,4,1,1,0.0,234.996,0.00,415.60,0.00,change
20260608 16:46:44.008,836.683,4,1,1,0.0,234.996,0.00,415.55,0.00,change
20260608 16:46:44.058,836.733,4,1,1,0.0,234.996,0.00,415.50,0.00,change
20260608 16:46:44.108,836.783,4,1,1,0.0,234.996,0.00,415.45,0.00,change
20260608 16:46:44.158,836.833,4,1,1,0.0,234.996,0.00,415.40,0.00,change
20260608 16:46:44.208,836.883,4,1,1,0.0,234.996,0.00,415.35,0.00,change
20260608 16:46:44.259,836.933,4,1,1,0.0,234.996,0.00,415.30,0.00,change
20260608 16:46:44.308,836.983,4,1,1,0.0,234.996,0.00,415.25,0.00,change
20260608 16:46:44.359,837.033,4,1,1,0.0,234.996,0.00,415.20,0.00,change
20260608 16:46:44.408,837.083,4,1,1,0.0,234.996,0.00,415.14,0.00,change
20260608 16:46:44.458,837.133,4,1,1,0.0,234.996,0.00,415.09,0.00,change
20260608 16:46:44.509,837.183,4,1,1,0.0,234.996,0.00,415.04,0.00,change
20260608 16:46:44.558,837.233,4,1,1,0.0,234.996,0.00,414.99,0.00,change
20260608 16:46:44.609,837.283,4,1,1,0.0,234.996,0.00,414.94,0.00,change
20260608 16:46:44.658,837.333,4,1,1,0.0,234.996,0.00,414.89,0.00,change
20260608 16:46:44.709,837.383,4,1,1,0.0,234.996,0.00,414.84,0.00,change
20260608 16:46:44.759,837.433,4,1,1,0.0,234.996,0.00,414.79,0.00,change
20260608 16:46:44.809,837.483,4,1,1,0.0,234.996,0.00,414.74,0.00,change
20260608 16:46:44.859,837.533,4,1,1,0.0,234.996,0.00,414.69,0.00,change
20260608 16:46:44.909,837.583,4,1,1,0.0,234.996,0.00,414.64,0.00,change
20260608 16:46:44.959,837.633,4,1,1,0.0,234.996,0.00,414.59,0.00,change
20260608 16:46:45.008,837.683,4,1,1,0.0,234.996,0.00,414.54,0.00,change
20260608 16:46:45.059,837.733,4,1,1,0.0,234.996,0.00,414.49,0.00,change
20260608 16:46:45.108,837.783,4,1,1,0.0,234.996,0.00,414.44,0.00,change
20260608 16:46:45.158,837.833,4,1,1,0.0,234.996,0.00,414.39,0.00,change
20260608 16:46:45.209,837.883,4,1,1,0.0,234.996,0.00,414.34,0.00,change
20260608 16:46:45.258,837.933,4,1,1,0.0,234.996,0.00,414.29,0.00,change
20260608 16:46:45.309,837.983,4,1,1,0.0,234.996,0.00,414.24,0.00,change
20260608 16:46:45.358,838.033,4,1,1,0.0,234.996,0.00,414.18,0.00,change
20260608 16:46:45.408,838.083,4,1,1,0.0,234.996,0.00,414.13,0.00,change
20260608 16:46:45.458,838.133,4,1,1,0.0,234.996,0.00,414.08,0.00,change
20260608 16:46:45.508,838.183,4,1,1,0.0,234.996,0.00,414.03,0.00,change
20260608 16:46:45.558,838.233,4,1,1,0.0,234.996,0.00,413.98,0.00,change
20260608 16:46:45.608,838.283,4,1,1,0.0,234.996,0.00,413.93,0.00,change
20260608 16:46:45.658,838.333,4,1,1,0.0,234.996,0.00,413.88,0.00,change
20260608 16:46:45.708,838.383,4,1,1,0.0,234.996,0.00,413.83,0.00,change
20260608 16:46:45.758,838.433,4,1,1,0.0,234.996,0.00,413.78,0.00,change
20260608 16:46:45.808,838.483,4,1,1,0.0,234.996,0.00,413.73,0.00,change
20260608 16:46:45.858,838.533,4,1,1,0.0,234.996,0.00,413.68,0.00,change
20260608 16:46:45.908,838.583,4,1,1,0.0,234.996,0.00,413.63,0.00,change
20260608 16:46:45.958,838.633,4,1,1,0.0,234.996,0.00,413.58,0.00,change
20260608 16:46:46.008,838.683,4,1,1,0.0,234.996,0.00,413.53,0.00,change
20260608 16:46:46.058,838.733,4,1,1,0.0,234.996,0.00,413.48,0.00,change
20260608 16:46:46.108,838.783,4,1,1,0.0,234.996,0.00,413.43,0.00,change
20260608 16:46:46.158,838.833,4,1,1,0.0,234.996,0.00,413.38,0.00,change
20260608 16:46:46.208,838.883,4,1,1,0.0,234.996,0.00,413.33,0.00,change
20260608 16:46:46.258,838.933,4,1,1,0.0,234.996,0.00,413.27,0.00,change
20260608 16:46:46.308,838.983,4,1,1,0.0,234.996,0.00,413.22,0.00,change
20260608 16:46:46.358,839.033,4,1,1,0.0,234.996,0.00,413.17,0.00,change
20260608 16:46:46.409,839.083,4,1,1,0.0,234.996,0.00,413.12,0.00,change
20260608 16:46:46.458,839.133,4,1,1,0.0,234.996,0.00,413.07,0.00,change
20260608 16:46:46.508,839.183,4,1,1,0.0,234.996,0.00,413.02,0.00,change
20260608 16:46:46.558,839.233,4,1,1,0.0,234.996,0.00,412.97,0.00,change
20260608 16:46:46.609,839.283,4,1,1,0.0,234.996,0.00,412.92,0.00,change
20260608 16:46:46.658,839.333,4,1,1,0.0,234.996,0.00,412.87,0.00,change
20260608 16:46:46.709,839.383,4,1,1,0.0,234.996,0.00,412.82,0.00,change
20260608 16:46:46.758,839.433,4,1,1,0.0,234.996,0.00,412.77,0.00,change
20260608 16:46:46.808,839.483,4,1,1,0.0,234.996,0.00,412.72,0.00,change
20260608 16:46:46.858,839.533,4,1,1,0.0,234.996,0.00,412.67,0.00,change
20260608 16:46:46.908,839.583,4,1,1,0.0,234.996,0.00,412.62,0.00,change
20260608 16:46:46.959,839.633,4,1,1,0.0,234.996,0.00,412.57,0.00,change
20260608 16:46:47.009,839.683,4,1,1,0.0,234.996,0.00,412.52,0.00,change
20260608 16:46:47.060,839.733,4,1,1,0.0,234.996,0.00,412.47,0.00,change
20260608 16:46:47.108,839.783,4,1,1,0.0,234.996,0.00,412.42,0.00,change
20260608 16:46:47.159,839.833,4,1,1,0.0,234.996,0.00,412.37,0.00,change
20260608 16:46:47.209,839.883,4,1,1,0.0,234.996,0.00,412.31,0.00,change
20260608 16:46:47.260,839.933,4,1,1,0.0,234.996,0.00,412.26,0.00,change
20260608 16:46:47.309,839.983,4,1,1,0.0,234.996,0.00,412.21,0.00,change
20260608 16:46:47.359,840.033,4,1,1,0.0,234.996,0.00,412.16,0.00,change
20260608 16:46:47.408,840.083,4,1,1,0.0,234.996,0.00,412.11,0.00,change
20260608 16:46:47.458,840.133,4,1,1,0.0,234.996,0.00,412.06,0.00,change
20260608 16:46:47.508,840.183,4,1,1,0.0,234.996,0.00,412.01,0.00,change
20260608 16:46:47.558,840.233,4,1,1,0.0,234.996,0.00,411.96,0.00,change
20260608 16:46:47.608,840.283,4,1,1,0.0,234.996,0.00,411.91,0.00,change
20260608 16:46:47.659,840.333,4,1,1,0.0,234.996,0.00,411.86,0.00,change
20260608 16:46:47.709,840.383,4,1,1,0.0,234.996,0.00,411.81,0.00,change
20260608 16:46:47.758,840.433,4,1,1,0.0,234.996,0.00,411.76,0.00,change
20260608 16:46:47.809,840.483,4,1,1,0.0,234.996,0.00,411.71,0.00,change
20260608 16:46:47.858,840.533,4,1,1,0.0,234.996,0.00,411.66,0.00,change
20260608 16:46:47.909,840.583,4,1,1,0.0,234.996,0.00,411.61,0.00,change
20260608 16:46:47.958,840.633,4,1,1,0.0,234.996,0.00,411.56,0.00,change
20260608 16:46:48.009,840.683,4,1,1,0.0,234.996,0.00,411.51,0.00,change
20260608 16:46:48.058,840.733,4,1,1,0.0,234.996,0.00,411.46,0.00,change
20260608 16:46:48.108,840.783,4,1,1,0.0,234.996,0.00,411.41,0.00,change
20260608 16:46:48.158,840.833,4,1,1,0.0,234.996,0.00,411.35,0.00,change
20260608 16:46:48.208,840.883,4,1,1,0.0,234.996,0.00,411.30,0.00,change
20260608 16:46:48.258,840.933,4,1,1,0.0,234.996,0.00,411.25,0.00,change
20260608 16:46:48.308,840.983,4,1,1,0.0,234.996,0.00,411.20,0.00,change
20260608 16:46:48.358,841.033,4,1,1,0.0,234.996,0.00,411.15,0.00,change
20260608 16:46:48.408,841.083,4,1,1,0.0,234.996,0.00,411.10,0.00,change
20260608 16:46:48.458,841.133,4,1,1,0.0,234.996,0.00,411.05,0.00,change
20260608 16:46:48.508,841.183,4,1,1,0.0,234.996,0.00,411.00,0.00,change
20260608 16:46:48.559,841.233,4,1,1,0.0,234.996,0.00,410.95,0.00,change
20260608 16:46:48.608,841.283,4,1,1,0.0,234.996,0.00,410.90,0.00,change
20260608 16:46:48.658,841.333,4,1,1,0.0,234.996,0.00,410.85,0.00,change
20260608 16:46:48.708,841.383,4,1,1,0.0,234.996,0.00,410.80,0.00,change
20260608 16:46:48.760,841.433,4,1,1,0.0,234.996,0.00,410.75,0.00,change
20260608 16:46:48.809,841.483,4,1,1,0.0,234.996,0.00,410.70,0.00,change
20260608 16:46:48.859,841.533,4,1,1,0.0,234.996,0.00,410.65,0.00,change
20260608 16:46:48.909,841.583,4,1,1,0.0,234.996,0.00,410.60,0.00,change
20260608 16:46:48.959,841.633,4,1,1,0.0,234.996,0.00,410.55,0.00,change
20260608 16:46:49.008,841.683,4,1,1,0.0,234.996,0.00,410.50,0.00,change
20260608 16:46:49.058,841.733,4,1,1,0.0,234.996,0.00,410.45,0.00,change
20260608 16:46:49.108,841.783,4,1,1,0.0,234.996,0.00,410.39,0.00,change
20260608 16:46:49.159,841.833,4,1,1,0.0,234.996,0.00,410.34,0.00,change
20260608 16:46:49.209,841.883,4,1,1,0.0,234.996,0.00,410.29,0.00,change
20260608 16:46:49.259,841.933,4,1,1,0.0,234.996,0.00,410.24,0.00,change
20260608 16:46:49.308,841.983,4,1,1,0.0,234.996,0.00,410.19,0.00,change
20260608 16:46:49.359,842.033,4,1,1,0.0,234.996,0.00,410.14,0.00,change
20260608 16:46:49.409,842.083,4,1,1,0.0,234.996,0.00,410.09,0.00,change
20260608 16:46:49.459,842.133,4,1,1,0.0,234.996,0.00,410.04,0.00,change
20260608 16:46:49.510,842.183,4,1,1,0.0,234.996,0.00,409.99,0.00,change
20260608 16:46:49.559,842.233,4,1,1,0.0,234.996,0.00,409.94,0.00,change
20260608 16:46:49.608,842.283,4,1,1,0.0,234.996,0.00,409.89,0.00,change
20260608 16:46:49.659,842.333,4,1,1,0.0,234.996,0.00,409.84,0.00,change
20260608 16:46:49.709,842.383,4,1,1,0.0,234.996,0.00,409.79,0.00,change
20260608 16:46:49.758,842.433,4,1,1,0.0,234.996,0.00,409.74,0.00,change
20260608 16:46:49.809,842.483,4,1,1,0.0,234.996,0.00,409.69,0.00,change
20260608 16:46:49.859,842.533,4,1,1,0.0,234.996,0.00,409.64,0.00,change
20260608 16:46:49.908,842.583,4,1,1,0.0,234.996,0.00,409.59,0.00,change
20260608 16:46:49.958,842.633,4,1,1,0.0,234.996,0.00,409.54,0.00,change
20260608 16:46:50.009,842.683,4,1,1,0.0,234.996,0.00,409.49,0.00,change
20260608 16:46:50.059,842.733,4,1,1,0.0,234.996,0.00,409.43,0.00,change
20260608 16:46:50.108,842.783,4,1,1,0.0,234.996,0.00,409.38,0.00,change
20260608 16:46:50.158,842.833,4,1,1,0.0,234.996,0.00,409.33,0.00,change
20260608 16:46:50.208,842.883,4,1,1,0.0,234.996,0.00,409.28,0.00,change
20260608 16:46:50.259,842.933,4,1,1,0.0,234.996,0.00,409.23,0.00,change
20260608 16:46:50.309,842.983,4,1,1,0.0,234.996,0.00,409.18,0.00,change
20260608 16:46:50.359,843.033,4,1,1,0.0,234.996,0.00,409.13,0.00,change
20260608 16:46:50.408,843.083,4,1,1,0.0,234.996,0.00,409.08,0.00,change
20260608 16:46:50.459,843.133,4,1,1,0.0,234.996,0.00,409.03,0.00,change
20260608 16:46:50.509,843.183,4,1,1,0.0,234.996,0.00,408.98,0.00,change
20260608 16:46:50.559,843.233,4,1,1,0.0,234.996,0.00,408.93,0.00,change
20260608 16:46:50.608,843.283,4,1,1,0.0,234.996,0.00,408.88,0.00,change
20260608 16:46:50.658,843.333,4,1,1,0.0,234.996,0.00,408.83,0.00,change
20260608 16:46:50.708,843.383,4,1,1,0.0,234.996,0.00,408.78,0.00,change
20260608 16:46:50.758,843.433,4,1,1,0.0,234.996,0.00,408.73,0.00,change
20260608 16:46:50.808,843.483,4,1,1,0.0,234.996,0.00,408.68,0.00,change
20260608 16:46:50.858,843.533,4,1,1,0.0,234.996,0.00,408.63,0.00,change
20260608 16:46:50.908,843.583,4,1,1,0.0,234.996,0.00,408.58,0.00,change
20260608 16:46:50.958,843.633,4,1,1,0.0,234.996,0.00,408.53,0.00,change
20260608 16:46:51.009,843.683,4,1,1,0.0,234.996,0.00,408.47,0.00,change
20260608 16:46:51.059,843.733,4,1,1,0.0,234.996,0.00,408.42,0.00,change
20260608 16:46:51.109,843.783,4,1,1,0.0,234.996,0.00,408.37,0.00,change
20260608 16:46:51.159,843.833,4,1,1,0.0,234.996,0.00,408.32,0.00,change
20260608 16:46:51.208,843.883,4,1,1,0.0,234.996,0.00,408.27,0.00,change
20260608 16:46:51.258,843.933,4,1,1,0.0,234.996,0.00,408.22,0.00,change
20260608 16:46:51.308,843.983,4,1,1,0.0,234.996,0.00,408.17,0.00,change
20260608 16:46:51.358,844.033,4,1,1,0.0,234.996,0.00,408.12,0.00,change
20260608 16:46:51.408,844.083,4,1,1,0.0,234.996,0.00,408.07,0.00,change
20260608 16:46:51.458,844.133,4,1,1,0.0,234.996,0.00,408.02,0.00,change
20260608 16:46:51.509,844.183,4,1,1,0.0,234.996,0.00,407.97,0.00,change
20260608 16:46:51.559,844.233,4,1,1,0.0,234.996,0.00,407.92,0.00,change
20260608 16:46:51.608,844.283,4,1,1,0.0,234.996,0.00,407.87,0.00,change
20260608 16:46:51.659,844.333,4,1,1,0.0,234.996,0.00,407.82,0.00,change
20260608 16:46:51.709,844.383,4,1,1,0.0,234.996,0.00,407.77,0.00,change
20260608 16:46:51.759,844.433,4,1,1,0.0,234.996,0.00,407.72,0.00,change
20260608 16:46:51.809,844.483,4,1,1,0.0,234.996,0.00,407.67,0.00,change
20260608 16:46:51.858,844.533,4,1,1,0.0,234.996,0.00,407.62,0.00,change
20260608 16:46:51.908,844.583,4,1,1,0.0,234.996,0.00,407.57,0.00,change
20260608 16:46:51.959,844.633,4,1,1,0.0,234.996,0.00,407.51,0.00,change
20260608 16:46:52.008,844.683,4,1,1,0.0,234.996,0.00,407.46,0.00,change
20260608 16:46:52.059,844.733,4,1,1,0.0,234.996,0.00,407.41,0.00,change
20260608 16:46:52.108,844.783,4,1,1,0.0,234.996,0.00,407.36,0.00,change
20260608 16:46:52.159,844.833,4,1,1,0.0,234.996,0.00,407.31,0.00,change
20260608 16:46:52.208,844.883,4,1,1,0.0,234.996,0.00,407.26,0.00,change
20260608 16:46:52.258,844.933,4,1,1,0.0,234.996,0.00,407.21,0.00,change
20260608 16:46:52.308,844.983,4,1,1,0.0,234.996,0.00,407.16,0.00,change
20260608 16:46:52.359,845.033,4,1,1,0.0,234.996,0.00,407.11,0.00,change
20260608 16:46:52.408,845.083,4,1,1,0.0,234.996,0.00,407.06,0.00,change
20260608 16:46:52.459,845.133,4,1,1,0.0,234.996,0.00,407.01,0.00,change
20260608 16:46:52.508,845.183,4,1,1,0.0,234.996,0.00,406.96,0.00,change
20260608 16:46:52.558,845.233,4,1,1,0.0,234.996,0.00,406.91,0.00,change
20260608 16:46:52.607,845.283,4,1,1,0.0,234.996,0.00,406.86,0.00,change
20260608 16:46:52.658,845.333,4,1,1,0.0,234.996,0.00,406.81,0.00,change
20260608 16:46:52.708,845.383,4,1,1,0.0,234.996,0.00,406.76,0.00,change
20260608 16:46:52.758,845.433,4,1,1,0.0,234.996,0.00,406.71,0.00,change
20260608 16:46:52.809,845.483,4,1,1,0.0,234.996,0.00,406.66,0.00,change
20260608 16:46:52.858,845.533,4,1,1,0.0,234.996,0.00,406.61,0.00,change
20260608 16:46:52.908,845.583,4,1,1,0.0,234.996,0.00,406.55,0.00,change
20260608 16:46:52.958,845.633,4,1,1,0.0,234.996,0.00,406.50,0.00,change
20260608 16:46:53.008,845.683,4,1,1,0.0,234.996,0.00,406.45,0.00,change
20260608 16:46:53.058,845.733,4,1,1,0.0,234.996,0.00,406.40,0.00,change
20260608 16:46:53.109,845.783,4,1,1,0.0,234.996,0.00,406.35,0.00,change
20260608 16:46:53.158,845.833,4,1,1,0.0,234.996,0.00,406.30,0.00,change
20260608 16:46:53.208,845.883,4,1,1,0.0,234.996,0.00,406.25,0.00,change
20260608 16:46:53.258,845.933,4,1,1,0.0,234.996,0.00,406.20,0.00,change
20260608 16:46:53.307,845.983,4,1,1,0.0,234.996,0.00,406.15,0.00,change
20260608 16:46:53.359,846.033,4,1,1,0.0,234.996,0.00,406.10,0.00,change
20260608 16:46:53.408,846.083,4,1,1,0.0,234.996,0.00,406.05,0.00,change
20260608 16:46:53.458,846.133,4,1,1,0.0,234.996,0.00,406.00,0.00,change
20260608 16:46:53.508,846.183,4,1,1,0.0,234.996,0.00,405.95,0.00,change
20260608 16:46:53.559,846.233,4,1,1,0.0,234.996,0.00,405.90,0.00,change
20260608 16:46:53.608,846.283,4,1,1,0.0,234.996,0.00,405.85,0.00,change
20260608 16:46:53.659,846.333,4,1,1,0.0,234.996,0.00,405.80,0.00,change
20260608 16:46:53.708,846.383,4,1,1,0.0,234.996,0.00,405.75,0.00,change
20260608 16:46:53.758,846.433,4,1,1,0.0,234.996,0.00,405.70,0.00,change
20260608 16:46:53.808,846.483,4,1,1,0.0,234.996,0.00,405.65,0.00,change
20260608 16:46:53.859,846.533,4,1,1,0.0,234.996,0.00,405.59,0.00,change
20260608 16:46:53.908,846.583,4,1,1,0.0,234.996,0.00,405.54,0.00,change
20260608 16:46:53.959,846.633,4,1,1,0.0,234.996,0.00,405.49,0.00,change
20260608 16:46:54.010,846.683,4,1,1,0.0,234.996,0.00,405.44,0.00,change
20260608 16:46:54.058,846.733,4,1,1,0.0,234.996,0.00,405.39,0.00,change
20260608 16:46:54.108,846.783,4,1,1,0.0,234.996,0.00,405.34,0.00,change
20260608 16:46:54.159,846.833,4,1,1,0.0,234.996,0.00,405.29,0.00,change
20260608 16:46:54.208,846.883,4,1,1,0.0,234.996,0.00,405.24,0.00,change
20260608 16:46:54.257,846.933,4,1,1,0.0,234.996,0.00,405.19,0.00,change
20260608 16:46:54.308,846.983,4,1,1,0.0,234.996,0.00,405.14,0.00,change
20260608 16:46:54.359,847.033,4,1,1,0.0,234.996,0.00,405.09,0.00,change
20260608 16:46:54.407,847.083,4,1,1,0.0,234.996,0.00,405.04,0.00,change
20260608 16:46:54.458,847.133,4,1,1,0.0,234.996,0.00,404.99,0.00,change
20260608 16:46:54.508,847.183,4,1,1,0.0,234.996,0.00,404.94,0.00,change
20260608 16:46:54.559,847.233,4,1,1,0.0,234.996,0.00,404.89,0.00,change
20260608 16:46:54.608,847.283,4,1,1,0.0,234.996,0.00,404.84,0.00,change
20260608 16:46:54.659,847.333,4,1,1,0.0,234.996,0.00,404.79,0.00,change
20260608 16:46:54.709,847.383,4,1,1,0.0,234.996,0.00,404.74,0.00,change
20260608 16:46:54.759,847.433,4,1,1,0.0,234.996,0.00,404.69,0.00,change
20260608 16:46:54.809,847.483,4,1,1,0.0,234.996,0.00,404.63,0.00,change
20260608 16:46:54.858,847.533,4,1,1,0.0,234.996,0.00,404.58,0.00,change
20260608 16:46:54.908,847.583,4,1,1,0.0,234.996,0.00,404.53,0.00,change
20260608 16:46:54.958,847.633,4,1,1,0.0,234.996,0.00,404.48,0.00,change
20260608 16:46:55.008,847.683,4,1,1,0.0,234.996,0.00,404.43,0.00,change
20260608 16:46:55.057,847.733,4,1,1,0.0,234.996,0.00,404.38,0.00,change
20260608 16:46:55.108,847.783,4,1,1,0.0,234.996,0.00,404.33,0.00,change
20260608 16:46:55.158,847.833,4,1,1,0.0,234.996,0.00,404.28,0.00,change
20260608 16:46:55.208,847.883,4,1,1,0.0,234.996,0.00,404.23,0.00,change
20260608 16:46:55.258,847.933,4,1,1,0.0,234.996,0.00,404.18,0.00,change
20260608 16:46:55.308,847.983,4,1,1,0.0,234.996,0.00,404.13,0.00,change
20260608 16:46:55.358,848.033,4,1,1,0.0,234.996,0.00,404.08,0.00,change
20260608 16:46:55.407,848.083,4,1,1,0.0,234.996,0.00,404.03,0.00,change
20260608 16:46:55.458,848.133,4,1,1,0.0,234.996,0.00,403.98,0.00,change
20260608 16:46:55.509,848.183,4,1,1,0.0,234.996,0.00,403.93,0.00,change
20260608 16:46:55.559,848.233,4,1,1,0.0,234.996,0.00,403.88,0.00,change
20260608 16:46:55.608,848.283,4,1,1,0.0,234.996,0.00,403.83,0.00,change
20260608 16:46:55.658,848.333,4,1,1,0.0,234.996,0.00,403.78,0.00,change
20260608 16:46:55.708,848.383,4,1,1,0.0,234.996,0.00,403.73,0.00,change
20260608 16:46:55.758,848.433,4,1,1,0.0,234.996,0.00,403.67,0.00,change
20260608 16:46:55.807,848.483,4,1,1,0.0,234.996,0.00,403.62,0.00,change
20260608 16:46:55.859,848.533,4,1,1,0.0,234.996,0.00,403.57,0.00,change
20260608 16:46:55.907,848.583,4,1,1,0.0,234.996,0.00,403.52,0.00,change
20260608 16:46:55.958,848.633,4,1,1,0.0,234.996,0.00,403.47,0.00,change
20260608 16:46:56.008,848.683,4,1,1,0.0,234.996,0.00,403.42,0.00,change
20260608 16:46:56.059,848.733,4,1,1,0.0,234.996,0.00,403.37,0.00,change
20260608 16:46:56.108,848.783,4,1,1,0.0,234.996,0.00,403.32,0.00,change
20260608 16:46:56.159,848.833,4,1,1,0.0,234.996,0.00,403.27,0.00,change
20260608 16:46:56.208,848.883,4,1,1,0.0,234.996,0.00,403.22,0.00,change
20260608 16:46:56.258,848.933,4,1,1,0.0,234.996,0.00,403.17,0.00,change
20260608 16:46:56.309,848.983,4,1,1,0.0,234.996,0.00,403.12,0.00,change
20260608 16:46:56.358,849.033,4,1,1,0.0,234.996,0.00,403.07,0.00,change
20260608 16:46:56.409,849.083,4,1,1,0.0,234.996,0.00,403.02,0.00,change
20260608 16:46:56.457,849.133,4,1,1,0.0,234.996,0.00,402.97,0.00,change
20260608 16:46:56.508,849.183,4,1,1,0.0,234.996,0.00,402.92,0.00,change
20260608 16:46:56.558,849.233,4,1,1,0.0,234.996,0.00,402.87,0.00,change
20260608 16:46:56.608,849.283,4,1,1,0.0,234.996,0.00,402.82,0.00,change
20260608 16:46:56.659,849.333,4,1,1,0.0,234.996,0.00,402.77,0.00,change
20260608 16:46:56.707,849.383,4,1,1,0.0,234.996,0.00,402.71,0.00,change
20260608 16:46:56.758,849.433,4,1,1,0.0,234.996,0.00,402.66,0.00,change
20260608 16:46:56.808,849.483,4,1,1,0.0,234.996,0.00,402.61,0.00,change
20260608 16:46:56.858,849.533,4,1,1,0.0,234.996,0.00,402.56,0.00,change
20260608 16:46:56.907,849.583,4,1,1,0.0,234.996,0.00,402.51,0.00,change
20260608 16:46:56.957,849.633,4,1,1,0.0,234.996,0.00,402.46,0.00,change
20260608 16:46:57.008,849.683,4,1,1,0.0,234.996,0.00,402.41,0.00,change
20260608 16:46:57.058,849.733,4,1,1,0.0,234.996,0.00,402.36,0.00,change
20260608 16:46:57.109,849.783,4,1,1,0.0,234.996,0.00,402.31,0.00,change
20260608 16:46:57.158,849.833,4,1,1,0.0,234.996,0.00,402.26,0.00,change
20260608 16:46:57.208,849.883,4,1,1,0.0,234.996,0.00,402.21,0.00,change
20260608 16:46:57.257,849.933,4,1,1,0.0,234.996,0.00,402.16,0.00,change
20260608 16:46:57.308,849.983,4,1,1,0.0,234.996,0.00,402.11,0.00,change
20260608 16:46:57.359,850.033,4,1,1,0.0,234.996,0.00,402.06,0.00,change
20260608 16:46:57.408,850.083,4,1,1,0.0,234.996,0.00,402.01,0.00,change
20260608 16:46:57.459,850.133,4,1,1,0.0,234.996,0.00,401.96,0.00,change
20260608 16:46:57.509,850.183,4,1,1,0.0,234.996,0.00,401.91,0.00,change
20260608 16:46:57.558,850.233,4,1,1,0.0,234.996,0.00,401.86,0.00,change
20260608 16:46:57.608,850.283,4,1,1,0.0,234.996,0.00,401.81,0.00,change
20260608 16:46:57.658,850.333,4,1,1,0.0,234.996,0.00,401.75,0.00,change
20260608 16:46:57.708,850.383,4,1,1,0.0,234.996,0.00,401.70,0.00,change
20260608 16:46:57.757,850.433,4,1,1,0.0,234.996,0.00,401.65,0.00,change
20260608 16:46:57.808,850.483,4,1,1,0.0,234.996,0.00,401.60,0.00,change
20260608 16:46:57.858,850.533,4,1,1,0.0,234.996,0.00,401.55,0.00,change
20260608 16:46:57.908,850.583,4,1,1,0.0,234.996,0.00,401.50,0.00,change
20260608 16:46:57.959,850.633,4,1,1,0.0,234.996,0.00,401.45,0.00,change
20260608 16:46:58.008,850.683,4,1,1,0.0,234.996,0.00,401.40,0.00,change
20260608 16:46:58.058,850.733,4,1,1,0.0,234.996,0.00,401.35,0.00,change
20260608 16:46:58.108,850.783,4,1,1,0.0,234.996,0.00,401.30,0.00,change
20260608 16:46:58.158,850.833,4,1,1,0.0,234.996,0.00,401.25,0.00,change
20260608 16:46:58.209,850.883,4,1,1,0.0,234.996,0.00,401.20,0.00,change
20260608 16:46:58.258,850.933,4,1,1,0.0,234.996,0.00,401.15,0.00,change
20260608 16:46:58.308,850.983,4,1,1,0.0,234.996,0.00,401.10,0.00,change
20260608 16:46:58.358,851.033,4,1,1,0.0,234.996,0.00,401.05,0.00,change
20260608 16:46:58.407,851.083,4,1,1,0.0,234.996,0.00,401.00,0.00,change
20260608 16:46:58.458,851.133,4,1,1,0.0,234.996,0.00,400.95,0.00,change
20260608 16:46:58.509,851.183,4,1,1,0.0,234.996,0.00,400.90,0.00,change
20260608 16:46:58.558,851.233,4,1,1,0.0,234.996,0.00,400.85,0.00,change
20260608 16:46:58.608,851.283,4,1,1,0.0,234.996,0.00,400.79,0.00,change
20260608 16:46:58.658,851.333,4,1,1,0.0,234.996,0.00,400.74,0.00,change
20260608 16:46:58.708,851.383,4,1,1,0.0,234.996,0.00,400.69,0.00,change
20260608 16:46:58.758,851.433,4,1,1,0.0,234.996,0.00,400.64,0.00,change
20260608 16:46:58.808,851.483,4,1,1,0.0,234.996,0.00,400.59,0.00,change
20260608 16:46:58.858,851.533,4,1,1,0.0,234.996,0.00,400.54,0.00,change
20260608 16:46:58.908,851.583,4,1,1,0.0,234.996,0.00,400.49,0.00,change
20260608 16:46:58.958,851.633,4,1,1,0.0,234.996,0.00,400.44,0.00,change
20260608 16:46:59.008,851.683,4,1,1,0.0,234.996,0.00,400.39,0.00,change
20260608 16:46:59.058,851.733,4,1,1,0.0,234.996,0.00,400.34,0.00,change
20260608 16:46:59.108,851.783,4,1,1,0.0,234.996,0.00,400.29,0.00,change
20260608 16:46:59.158,851.833,4,1,1,0.0,234.996,0.00,400.24,0.00,change
20260608 16:46:59.208,851.883,4,1,1,0.0,234.996,0.00,400.19,0.00,change
20260608 16:46:59.258,851.933,4,1,1,0.0,234.996,0.00,400.14,0.00,change
20260608 16:46:59.308,851.983,4,1,1,0.0,234.996,0.00,400.09,0.00,change
20260608 16:46:59.357,852.033,4,1,1,0.0,234.996,0.00,400.04,0.00,change
20260608 16:46:59.408,852.083,4,1,1,0.0,234.996,0.00,399.99,0.00,change
20260608 16:46:59.458,852.133,4,1,1,0.0,234.996,0.00,399.94,0.00,change
20260608 16:46:59.509,852.183,4,1,1,0.0,234.996,0.00,399.89,0.00,change
20260608 16:46:59.559,852.233,4,1,1,0.0,234.996,0.00,399.83,0.00,change
20260608 16:46:59.608,852.283,4,1,1,0.0,234.996,0.00,399.78,0.00,change
20260608 16:46:59.658,852.333,4,1,1,0.0,234.996,0.00,399.73,0.00,change
20260608 16:46:59.708,852.383,4,1,1,0.0,234.996,0.00,399.68,0.00,change
20260608 16:46:59.758,852.433,4,1,1,0.0,234.996,0.00,399.63,0.00,change
20260608 16:46:59.809,852.483,4,1,1,0.0,234.996,0.00,399.58,0.00,change
20260608 16:46:59.858,852.533,4,1,1,0.0,234.996,0.00,399.53,0.00,change
20260608 16:46:59.909,852.583,4,1,1,0.0,234.996,0.00,399.48,0.00,change
20260608 16:46:59.958,852.633,4,1,1,0.0,234.996,0.00,399.43,0.00,change
20260608 16:47:00.008,852.683,4,1,1,0.0,234.996,0.00,399.38,0.00,change
20260608 16:47:00.058,852.733,4,1,1,0.0,234.996,0.00,399.33,0.00,change
20260608 16:47:00.108,852.783,4,1,1,0.0,234.996,0.00,399.28,0.00,change
20260608 16:47:00.158,852.833,4,1,1,0.0,234.996,0.00,399.23,0.00,change
20260608 16:47:00.208,852.883,4,1,1,0.0,234.996,0.00,399.18,0.00,change
20260608 16:47:00.258,852.933,4,1,1,0.0,234.996,0.00,399.13,0.00,change
20260608 16:47:00.310,852.983,4,1,1,0.0,234.996,0.00,399.08,0.00,change
20260608 16:47:00.357,853.033,4,1,1,0.0,234.996,0.00,399.03,0.00,change
20260608 16:47:00.408,853.083,4,1,1,0.0,234.996,0.00,398.98,0.00,change
20260608 16:47:00.457,853.133,4,1,1,0.0,234.996,0.00,398.92,0.00,change
20260608 16:47:00.507,853.183,4,1,1,0.0,234.996,0.00,398.87,0.00,change
20260608 16:47:00.559,853.233,4,1,1,0.0,234.996,0.00,398.82,0.00,change
20260608 16:47:00.609,853.283,4,1,1,0.0,234.996,0.00,398.77,0.00,change
20260608 16:47:00.658,853.333,4,1,1,0.0,234.996,0.00,398.72,0.00,change
20260608 16:47:00.708,853.383,4,1,1,0.0,234.996,0.00,398.67,0.00,change
20260608 16:47:00.758,853.433,4,1,1,0.0,234.996,0.00,398.62,0.00,change
20260608 16:47:00.809,853.483,4,1,1,0.0,234.996,0.00,398.57,0.00,change
20260608 16:47:00.859,853.533,4,1,1,0.0,234.996,0.00,398.52,0.00,change
20260608 16:47:00.908,853.583,4,1,1,0.0,234.996,0.00,398.47,0.00,change
20260608 16:47:00.958,853.633,4,1,1,0.0,234.996,0.00,398.42,0.00,change
20260608 16:47:01.009,853.683,4,1,1,0.0,234.996,0.00,398.37,0.00,change
20260608 16:47:01.059,853.733,4,1,1,0.0,234.996,0.00,398.32,0.00,change
20260608 16:47:01.108,853.783,4,1,1,0.0,234.996,0.00,398.27,0.00,change
20260608 16:47:01.158,853.833,4,1,1,0.0,234.996,0.00,398.22,0.00,change
20260608 16:47:01.208,853.883,4,1,1,0.0,234.996,0.00,398.17,0.00,change
20260608 16:47:01.258,853.933,4,1,1,0.0,234.996,0.00,398.12,0.00,change
20260608 16:47:01.308,853.983,4,1,1,0.0,234.996,0.00,398.07,0.00,change
20260608 16:47:01.358,854.033,4,1,1,0.0,234.996,0.00,398.02,0.00,change
20260608 16:47:01.409,854.083,4,1,1,0.0,234.996,0.00,397.96,0.00,change
20260608 16:47:01.458,854.133,4,1,1,0.0,234.996,0.00,397.91,0.00,change
20260608 16:47:01.508,854.183,4,1,1,0.0,234.996,0.00,397.86,0.00,change
20260608 16:47:01.557,854.233,4,1,1,0.0,234.996,0.00,397.81,0.00,change
20260608 16:47:01.607,854.283,4,1,1,0.0,234.996,0.00,397.76,0.00,change
20260608 16:47:01.658,854.333,4,1,1,0.0,234.996,0.00,397.71,0.00,change
20260608 16:47:01.709,854.383,4,1,1,0.0,234.996,0.00,397.66,0.00,change
20260608 16:47:01.757,854.433,4,1,1,0.0,234.996,0.00,397.61,0.00,change
20260608 16:47:01.808,854.483,4,1,1,0.0,234.996,0.00,397.56,0.00,change
20260608 16:47:01.859,854.533,4,1,1,0.0,234.996,0.00,397.51,0.00,change
20260608 16:47:01.909,854.583,4,1,1,0.0,234.996,0.00,397.46,0.00,change
20260608 16:47:01.959,854.633,4,1,1,0.0,234.996,0.00,397.41,0.00,change
20260608 16:47:02.008,854.683,4,1,1,0.0,234.996,0.00,397.36,0.00,change
20260608 16:47:02.058,854.733,4,1,1,0.0,234.996,0.00,397.31,0.00,change
20260608 16:47:02.107,854.783,4,1,1,0.0,234.996,0.00,397.26,0.00,change
20260608 16:47:02.157,854.833,4,1,1,0.0,234.996,0.00,397.21,0.00,change
20260608 16:47:02.207,854.883,4,1,1,0.0,234.996,0.00,397.16,0.00,change
20260608 16:47:02.258,854.933,4,1,1,0.0,234.996,0.00,397.11,0.00,change
20260608 16:47:02.309,854.983,4,1,1,0.0,234.996,0.00,397.06,0.00,change
20260608 16:47:02.357,855.033,4,1,1,0.0,234.996,0.00,397.00,0.00,change
20260608 16:47:02.408,855.083,4,1,1,0.0,234.996,0.00,396.95,0.00,change
20260608 16:47:02.458,855.133,4,1,1,0.0,234.996,0.00,396.90,0.00,change
20260608 16:47:02.507,855.183,4,1,1,0.0,234.996,0.00,396.85,0.00,change
20260608 16:47:02.557,855.233,4,1,1,0.0,234.996,0.00,396.80,0.00,change
20260608 16:47:02.608,855.283,4,1,1,0.0,234.996,0.00,396.75,0.00,change
20260608 16:47:02.658,855.333,4,1,1,0.0,234.996,0.00,396.70,0.00,change
20260608 16:47:02.707,855.383,4,1,1,0.0,234.996,0.00,396.65,0.00,change
20260608 16:47:02.757,855.433,4,1,1,0.0,234.996,0.00,396.60,0.00,change
20260608 16:47:02.807,855.483,4,1,1,0.0,234.996,0.00,396.55,0.00,change
20260608 16:47:02.858,855.533,4,1,1,0.0,234.996,0.00,396.50,0.00,change
20260608 16:47:02.908,855.583,4,1,1,0.0,234.996,0.00,396.45,0.00,change
20260608 16:47:02.958,855.633,4,1,1,0.0,234.996,0.00,396.40,0.00,change
20260608 16:47:03.009,855.683,4,1,1,0.0,234.996,0.00,396.35,0.00,change
20260608 16:47:03.058,855.733,4,1,1,0.0,234.996,0.00,396.30,0.00,change
20260608 16:47:03.108,855.783,4,1,1,0.0,234.996,0.00,396.25,0.00,change
20260608 16:47:03.158,855.833,4,1,1,0.0,234.996,0.00,396.20,0.00,change
20260608 16:47:03.208,855.883,4,1,1,0.0,234.996,0.00,396.15,0.00,change
20260608 16:47:03.258,855.933,4,1,1,0.0,234.996,0.00,396.10,0.00,change
20260608 16:47:03.310,855.983,4,1,1,0.0,234.996,0.00,396.04,0.00,change
20260608 16:47:03.356,856.033,4,1,1,0.0,234.996,0.00,395.99,0.00,change
20260608 16:47:03.407,856.083,4,1,1,0.0,234.996,0.00,395.94,0.00,change
20260608 16:47:03.457,856.133,4,1,1,0.0,234.996,0.00,395.89,0.00,change
20260608 16:47:03.508,856.183,4,1,1,0.0,234.996,0.00,395.84,0.00,change
20260608 16:47:03.557,856.233,4,1,1,0.0,234.996,0.00,395.79,0.00,change
20260608 16:47:03.607,856.283,4,1,1,0.0,234.996,0.00,395.74,0.00,change
20260608 16:47:03.658,856.333,4,1,1,0.0,234.996,0.00,395.69,0.00,change
20260608 16:47:03.708,856.383,4,1,1,0.0,234.996,0.00,395.64,0.00,change
20260608 16:47:03.757,856.433,4,1,1,0.0,234.996,0.00,395.59,0.00,change
20260608 16:47:03.807,856.483,4,1,1,0.0,234.996,0.00,395.54,0.00,change
20260608 16:47:03.857,856.533,4,1,1,0.0,234.996,0.00,395.49,0.00,change
20260608 16:47:03.907,856.583,4,1,1,0.0,234.996,0.00,395.44,0.00,change
20260608 16:47:03.959,856.633,4,1,1,0.0,234.996,0.00,395.39,0.00,change
20260608 16:47:04.009,856.683,4,1,1,0.0,234.996,0.00,395.34,0.00,change
20260608 16:47:04.058,856.733,4,1,1,0.0,234.996,0.00,395.29,0.00,change
20260608 16:47:04.108,856.783,4,1,1,0.0,234.996,0.00,395.24,0.00,change
20260608 16:47:04.159,856.833,4,1,1,0.0,234.996,0.00,395.19,0.00,change
20260608 16:47:04.208,856.883,4,1,1,0.0,234.996,0.00,395.14,0.00,change
20260608 16:47:04.257,856.933,4,1,1,0.0,234.996,0.00,395.08,0.00,change
20260608 16:47:04.308,856.983,4,1,1,0.0,234.996,0.00,395.03,0.00,change
20260608 16:47:04.359,857.033,4,1,1,0.0,234.996,0.00,394.98,0.00,change
20260608 16:47:04.407,857.083,4,1,1,0.0,234.996,0.00,394.93,0.00,change
20260608 16:47:04.457,857.133,4,1,1,0.0,234.996,0.00,394.88,0.00,change
20260608 16:47:04.508,857.183,4,1,1,0.0,234.996,0.00,394.83,0.00,change
20260608 16:47:04.557,857.233,4,1,1,0.0,234.996,0.00,394.78,0.00,change
20260608 16:47:04.608,857.283,4,1,1,0.0,234.996,0.00,394.73,0.00,change
20260608 16:47:04.659,857.333,4,1,1,0.0,234.996,0.00,394.68,0.00,change
20260608 16:47:04.707,857.383,4,1,1,0.0,234.996,0.00,394.63,0.00,change
20260608 16:47:04.757,857.433,4,1,1,0.0,234.996,0.00,394.58,0.00,change
20260608 16:47:04.808,857.483,4,1,1,0.0,234.996,0.00,394.53,0.00,change
20260608 16:47:04.857,857.533,4,1,1,0.0,234.996,0.00,394.48,0.00,change
20260608 16:47:04.908,857.583,4,1,1,0.0,234.996,0.00,394.43,0.00,change
20260608 16:47:04.959,857.633,4,1,1,0.0,234.996,0.00,394.38,0.00,change
20260608 16:47:05.008,857.683,4,1,1,0.0,234.996,0.00,394.33,0.00,change
20260608 16:47:05.057,857.733,4,1,1,0.0,234.996,0.00,394.28,0.00,change
20260608 16:47:05.107,857.783,4,1,1,0.0,234.996,0.00,394.23,0.00,change
20260608 16:47:05.157,857.833,4,1,1,0.0,234.996,0.00,394.18,0.00,change
20260608 16:47:05.207,857.883,4,1,1,0.0,234.996,0.00,394.12,0.00,change
20260608 16:47:05.258,857.933,4,1,1,0.0,234.996,0.00,394.07,0.00,change
20260608 16:47:05.308,857.983,4,1,1,0.0,234.996,0.00,394.02,0.00,change
20260608 16:47:05.358,858.033,4,1,1,0.0,234.996,0.00,393.97,0.00,change
20260608 16:47:05.410,858.083,4,1,1,0.0,234.996,0.00,393.92,0.00,change
20260608 16:47:05.457,858.133,4,1,1,0.0,234.996,0.00,393.87,0.00,change
20260608 16:47:05.508,858.183,4,1,1,0.0,234.996,0.00,393.82,0.00,change
20260608 16:47:05.558,858.233,4,1,1,0.0,234.996,0.00,393.77,0.00,change
20260608 16:47:05.608,858.283,4,1,1,0.0,234.996,0.00,393.72,0.00,change
20260608 16:47:05.658,858.333,4,1,1,0.0,234.996,0.00,393.67,0.00,change
20260608 16:47:05.707,858.383,4,1,1,0.0,234.996,0.00,393.62,0.00,change
20260608 16:47:05.758,858.433,4,1,1,0.0,234.996,0.00,393.57,0.00,change
20260608 16:47:05.807,858.483,4,1,1,0.0,234.996,0.00,393.52,0.00,change
20260608 16:47:05.857,858.533,4,1,1,0.0,234.996,0.00,393.47,0.00,change
20260608 16:47:05.908,858.583,4,1,1,0.0,234.996,0.00,393.42,0.00,change
20260608 16:47:05.959,858.633,4,1,1,0.0,234.996,0.00,393.37,0.00,change
20260608 16:47:06.008,858.683,4,1,1,0.0,234.996,0.00,393.32,0.00,change
20260608 16:47:06.057,858.733,4,1,1,0.0,234.996,0.00,393.27,0.00,change
20260608 16:47:06.108,858.783,4,1,1,0.0,234.996,0.00,393.22,0.00,change
20260608 16:47:06.158,858.833,4,1,1,0.0,234.996,0.00,393.16,0.00,change
20260608 16:47:06.208,858.883,4,1,1,0.0,234.996,0.00,393.11,0.00,change
20260608 16:47:06.257,858.933,4,1,1,0.0,234.996,0.00,393.06,0.00,change
20260608 16:47:06.307,858.983,4,1,1,0.0,234.996,0.00,393.01,0.00,change
20260608 16:47:06.358,859.033,4,1,1,0.0,234.996,0.00,392.96,0.00,change
20260608 16:47:06.408,859.083,4,1,1,0.0,234.996,0.00,392.91,0.00,change
20260608 16:47:06.457,859.133,4,1,1,0.0,234.996,0.00,392.86,0.00,change
20260608 16:47:06.508,859.183,4,1,1,0.0,234.996,0.00,392.81,0.00,change
20260608 16:47:06.559,859.233,4,1,1,0.0,234.996,0.00,392.76,0.00,change
20260608 16:47:06.607,859.283,4,1,1,0.0,234.996,0.00,392.71,0.00,change
20260608 16:47:06.658,859.333,4,1,1,0.0,234.996,0.00,392.66,0.00,change
20260608 16:47:06.707,859.383,4,1,1,0.0,234.996,0.00,392.61,0.00,change
20260608 16:47:06.757,859.433,4,1,1,0.0,234.996,0.00,392.56,0.00,change
20260608 16:47:06.807,859.483,4,1,1,0.0,234.996,0.00,392.51,0.00,change
20260608 16:47:06.857,859.533,4,1,1,0.0,234.996,0.00,392.46,0.00,change
20260608 16:47:06.908,859.583,4,1,1,0.0,234.996,0.00,392.41,0.00,change
20260608 16:47:06.958,859.633,4,1,1,0.0,234.996,0.00,392.36,0.00,change
20260608 16:47:07.007,859.683,4,1,1,0.0,234.996,0.00,392.31,0.00,change
20260608 16:47:07.058,859.733,4,1,1,0.0,234.996,0.00,392.26,0.00,change
20260608 16:47:07.108,859.783,4,1,1,0.0,234.996,0.00,392.20,0.00,change
20260608 16:47:07.159,859.833,4,1,1,0.0,234.996,0.00,392.15,0.00,change
20260608 16:47:07.207,859.883,4,1,1,0.0,234.996,0.00,392.10,0.00,change
20260608 16:47:07.257,859.933,4,1,1,0.0,234.996,0.00,392.05,0.00,change
20260608 16:47:07.308,859.983,4,1,1,0.0,234.996,0.00,392.00,0.00,change
20260608 16:47:07.358,860.033,4,1,1,0.0,234.996,0.00,391.95,0.00,change
20260608 16:47:07.408,860.083,4,1,1,0.0,234.996,0.00,391.90,0.00,change
20260608 16:47:07.458,860.133,4,1,1,0.0,234.996,0.00,391.85,0.00,change
20260608 16:47:07.508,860.183,4,1,1,0.0,234.996,0.00,391.80,0.00,change
20260608 16:47:07.557,860.233,4,1,1,0.0,234.996,0.00,391.75,0.00,change
20260608 16:47:07.608,860.283,4,1,1,0.0,234.996,0.00,391.70,0.00,change
20260608 16:47:07.659,860.333,4,1,1,0.0,234.996,0.00,391.65,0.00,change
20260608 16:47:07.708,860.383,4,1,1,0.0,234.996,0.00,391.60,0.00,change
20260608 16:47:07.758,860.433,4,1,1,0.0,234.996,0.00,391.55,0.00,change
20260608 16:47:07.809,860.483,4,1,1,0.0,234.996,0.00,391.50,0.00,change
20260608 16:47:07.860,860.533,4,1,1,0.0,234.996,0.00,391.45,0.00,change
20260608 16:47:07.909,860.583,4,1,1,0.0,234.996,0.00,391.40,0.00,change
20260608 16:47:07.958,860.633,4,1,1,0.0,234.996,0.00,391.35,0.00,change
20260608 16:47:08.007,860.683,4,1,1,0.0,234.996,0.00,391.30,0.00,change
20260608 16:47:08.058,860.733,4,1,1,0.0,234.996,0.00,391.24,0.00,change
20260608 16:47:08.108,860.783,4,1,1,0.0,234.996,0.00,391.19,0.00,change
20260608 16:47:08.158,860.833,4,1,1,0.0,234.996,0.00,391.14,0.00,change
20260608 16:47:08.207,860.883,4,1,1,0.0,234.996,0.00,391.09,0.00,change
20260608 16:47:08.258,860.933,4,1,1,0.0,234.996,0.00,391.04,0.00,change
20260608 16:47:08.309,860.983,4,1,1,0.0,234.996,0.00,390.99,0.00,change
20260608 16:47:08.357,861.033,4,1,1,0.0,234.996,0.00,390.94,0.00,change
20260608 16:47:08.408,861.083,4,1,1,0.0,234.996,0.00,390.89,0.00,change
20260608 16:47:08.457,861.133,4,1,1,0.0,234.996,0.00,390.84,0.00,change
20260608 16:47:08.509,861.183,4,1,1,0.0,234.996,0.00,390.79,0.00,change
20260608 16:47:08.558,861.233,4,1,1,0.0,234.996,0.00,390.74,0.00,change
20260608 16:47:08.608,861.283,4,1,1,0.0,234.996,0.00,390.69,0.00,change
20260608 16:47:08.658,861.333,4,1,1,0.0,234.996,0.00,390.64,0.00,change
20260608 16:47:08.707,861.383,4,1,1,0.0,234.996,0.00,390.59,0.00,change
20260608 16:47:08.757,861.433,4,1,1,0.0,234.996,0.00,390.54,0.00,change
20260608 16:47:08.807,861.483,4,1,1,0.0,234.996,0.00,390.49,0.00,change
20260608 16:47:08.857,861.533,4,1,1,0.0,234.996,0.00,390.44,0.00,change
20260608 16:47:08.909,861.583,4,1,1,0.0,234.996,0.00,390.39,0.00,change
20260608 16:47:08.958,861.633,4,1,1,0.0,234.996,0.00,390.33,0.00,change
20260608 16:47:09.006,861.683,4,1,1,0.0,234.996,0.00,390.28,0.00,change
20260608 16:47:09.057,861.733,4,1,1,0.0,234.996,0.00,390.23,0.00,change
20260608 16:47:09.108,861.783,4,1,1,0.0,234.996,0.00,390.18,0.00,change
20260608 16:47:09.157,861.833,4,1,1,0.0,234.996,0.00,390.13,0.00,change
20260608 16:47:09.209,861.883,4,1,1,0.0,234.996,0.00,390.08,0.00,change
20260608 16:47:09.257,861.933,4,1,1,0.0,234.996,0.00,390.03,0.00,change
20260608 16:47:09.308,861.983,4,1,1,0.0,234.996,0.00,389.98,0.00,change
20260608 16:47:09.358,862.033,4,1,1,0.0,234.996,0.00,389.93,0.00,change
20260608 16:47:09.408,862.083,4,1,1,0.0,234.996,0.00,389.88,0.00,change
20260608 16:47:09.458,862.133,4,1,1,0.0,234.996,0.00,389.83,0.00,change
20260608 16:47:09.508,862.183,4,1,1,0.0,234.996,0.00,389.78,0.00,change
20260608 16:47:09.558,862.233,4,1,1,0.0,234.996,0.00,389.73,0.00,change
20260608 16:47:09.609,862.283,4,1,1,0.0,234.996,0.00,389.68,0.00,change
20260608 16:47:09.659,862.333,4,1,1,0.0,234.996,0.00,389.63,0.00,change
20260608 16:47:09.708,862.383,4,1,1,0.0,234.996,0.00,389.58,0.00,change
20260608 16:47:09.759,862.433,4,1,1,0.0,234.996,0.00,389.53,0.00,change
20260608 16:47:09.808,862.483,4,1,1,0.0,234.996,0.00,389.48,0.00,change
20260608 16:47:09.859,862.533,4,1,1,0.0,234.996,0.00,389.43,0.00,change
20260608 16:47:09.909,862.583,4,1,1,0.0,234.996,0.00,389.37,0.00,change
20260608 16:47:09.959,862.633,4,1,1,0.0,234.996,0.00,389.32,0.00,change
20260608 16:47:10.008,862.683,4,1,1,0.0,234.996,0.00,389.27,0.00,change
20260608 16:47:10.058,862.733,4,1,1,0.0,234.996,0.00,389.22,0.00,change
20260608 16:47:10.109,862.783,4,1,1,0.0,234.996,0.00,389.17,0.00,change
20260608 16:47:10.159,862.833,4,1,1,0.0,234.996,0.00,389.12,0.00,change
20260608 16:47:10.208,862.883,4,1,1,0.0,234.996,0.00,389.07,0.00,change
20260608 16:47:10.258,862.933,4,1,1,0.0,234.996,0.00,389.02,0.00,change
20260608 16:47:10.308,862.983,4,1,1,0.0,234.996,0.00,388.97,0.00,change
20260608 16:47:10.358,863.033,4,1,1,0.0,234.996,0.00,388.92,0.00,change
20260608 16:47:10.409,863.083,4,1,1,0.0,234.996,0.00,388.87,0.00,change
20260608 16:47:10.458,863.133,4,1,1,0.0,234.996,0.00,388.82,0.00,change
20260608 16:47:10.508,863.183,4,1,1,0.0,234.996,0.00,388.77,0.00,change
20260608 16:47:10.557,863.233,4,1,1,0.0,234.996,0.00,388.72,0.00,change
20260608 16:47:10.607,863.283,4,1,1,0.0,234.996,0.00,388.67,0.00,change
20260608 16:47:10.658,863.333,4,1,1,0.0,234.996,0.00,388.62,0.00,change
20260608 16:47:10.709,863.383,4,1,1,0.0,234.996,0.00,388.57,0.00,change
20260608 16:47:10.758,863.433,4,1,1,0.0,234.996,0.00,388.52,0.00,change
20260608 16:47:10.808,863.483,4,1,1,0.0,234.996,0.00,388.46,0.00,change
20260608 16:47:10.858,863.533,4,1,1,0.0,234.996,0.00,388.41,0.00,change
20260608 16:47:10.908,863.583,4,1,1,0.0,234.996,0.00,388.36,0.00,change
20260608 16:47:10.958,863.633,4,1,1,0.0,234.996,0.00,388.31,0.00,change
20260608 16:47:11.008,863.683,4,1,1,0.0,234.996,0.00,388.26,0.00,change
20260608 16:47:11.060,863.733,4,1,1,0.0,234.996,0.00,388.21,0.00,change
20260608 16:47:11.109,863.783,4,1,1,0.0,234.996,0.00,388.16,0.00,change
20260608 16:47:11.158,863.833,4,1,1,0.0,234.996,0.00,388.11,0.00,change
20260608 16:47:11.208,863.883,4,1,1,0.0,234.996,0.00,388.06,0.00,change
20260608 16:47:11.260,863.933,4,1,1,0.0,234.996,0.00,388.01,0.00,change
20260608 16:47:11.309,863.983,4,1,1,0.0,234.996,0.00,387.96,0.00,change
20260608 16:47:11.358,864.033,4,1,1,0.0,234.996,0.00,387.91,0.00,change
20260608 16:47:11.409,864.083,4,1,1,0.0,234.996,0.00,387.86,0.00,change
20260608 16:47:11.459,864.133,4,1,1,0.0,234.996,0.00,387.81,0.00,change
20260608 16:47:11.509,864.183,4,1,1,0.0,234.996,0.00,387.76,0.00,change
20260608 16:47:11.559,864.233,4,1,1,0.0,234.996,0.00,387.71,0.00,change
20260608 16:47:11.610,864.283,4,1,1,0.0,234.996,0.00,387.66,0.00,change
20260608 16:47:11.658,864.333,4,1,1,0.0,234.996,0.00,387.61,0.00,change
20260608 16:47:11.709,864.383,4,1,1,0.0,234.996,0.00,387.56,0.00,change
20260608 16:47:11.759,864.433,4,1,1,0.0,234.996,0.00,387.50,0.00,change
20260608 16:47:11.811,864.483,4,1,1,0.0,234.996,0.00,387.45,0.00,change
20260608 16:47:11.860,864.533,4,1,1,0.0,234.996,0.00,387.40,0.00,change
20260608 16:47:11.909,864.583,4,1,1,0.0,234.996,0.00,387.35,0.00,change
20260608 16:47:11.958,864.633,4,1,1,0.0,234.996,0.00,387.30,0.00,change
20260608 16:47:12.009,864.683,4,1,1,0.0,234.996,0.00,387.25,0.00,change
20260608 16:47:12.058,864.733,4,1,1,0.0,234.996,0.00,387.20,0.00,change
20260608 16:47:12.108,864.783,4,1,1,0.0,234.996,0.00,387.15,0.00,change
20260608 16:47:12.159,864.833,4,1,1,0.0,234.996,0.00,387.10,0.00,change
20260608 16:47:12.208,864.883,4,1,1,0.0,234.996,0.00,387.05,0.00,change
20260608 16:47:12.259,864.933,4,1,1,0.0,234.996,0.00,387.00,0.00,change
20260608 16:47:12.309,864.983,4,1,1,0.0,234.996,0.00,386.95,0.00,change
20260608 16:47:12.359,865.033,4,1,1,0.0,234.996,0.00,386.90,0.00,change
20260608 16:47:12.408,865.083,4,1,1,0.0,234.996,0.00,386.85,0.00,change
20260608 16:47:12.460,865.133,4,1,1,0.0,234.996,0.00,386.80,0.00,change
20260608 16:47:12.510,865.183,4,1,1,0.0,234.996,0.00,386.75,0.00,change
20260608 16:47:12.559,865.233,4,1,1,0.0,234.996,0.00,386.70,0.00,change
20260608 16:47:12.608,865.283,4,1,1,0.0,234.996,0.00,386.65,0.00,change
20260608 16:47:12.659,865.333,4,1,1,0.0,234.996,0.00,386.60,0.00,change
20260608 16:47:12.709,865.383,4,1,1,0.0,234.996,0.00,386.54,0.00,change
20260608 16:47:12.759,865.433,4,1,1,0.0,234.996,0.00,386.49,0.00,change
20260608 16:47:12.809,865.483,4,1,1,0.0,234.996,0.00,386.44,0.00,change
20260608 16:47:12.859,865.533,4,1,1,0.0,234.996,0.00,386.39,0.00,change
20260608 16:47:12.910,865.583,4,1,1,0.0,234.996,0.00,386.34,0.00,change
20260608 16:47:12.959,865.633,4,1,1,0.0,234.996,0.00,386.29,0.00,change
20260608 16:47:13.009,865.683,4,1,1,0.0,234.996,0.00,386.24,0.00,change
20260608 16:47:13.059,865.733,4,1,1,0.0,234.996,0.00,386.19,0.00,change
20260608 16:47:13.108,865.783,4,1,1,0.0,234.996,0.00,386.14,0.00,change
20260608 16:47:13.159,865.833,4,1,1,0.0,234.996,0.00,386.09,0.00,change
20260608 16:47:13.209,865.883,4,1,1,0.0,234.996,0.00,386.04,0.00,change
20260608 16:47:13.259,865.933,4,1,1,0.0,234.996,0.00,385.99,0.00,change
20260608 16:47:13.309,865.983,4,1,1,0.0,234.996,0.00,385.94,0.00,change
20260608 16:47:13.359,866.033,4,1,1,0.0,234.996,0.00,385.89,0.00,change
20260608 16:47:13.408,866.083,4,1,1,0.0,234.996,0.00,385.84,0.00,change
20260608 16:47:13.458,866.133,4,1,1,0.0,234.996,0.00,385.79,0.00,change
20260608 16:47:13.509,866.183,4,1,1,0.0,234.996,0.00,385.74,0.00,change
20260608 16:47:13.559,866.233,4,1,1,0.0,234.996,0.00,385.69,0.00,change
20260608 16:47:13.609,866.283,4,1,1,0.0,234.996,0.00,385.63,0.00,change
20260608 16:47:13.659,866.333,4,1,1,0.0,234.996,0.00,385.58,0.00,change
20260608 16:47:13.709,866.383,4,1,1,0.0,234.996,0.00,385.53,0.00,change
20260608 16:47:13.759,866.433,4,1,1,0.0,234.996,0.00,385.48,0.00,change
20260608 16:47:13.808,866.483,4,1,1,0.0,234.996,0.00,385.43,0.00,change
20260608 16:47:13.859,866.533,4,1,1,0.0,234.996,0.00,385.38,0.00,change
20260608 16:47:13.909,866.583,4,1,1,0.0,234.996,0.00,385.33,0.00,change
20260608 16:47:13.958,866.633,4,1,1,0.0,234.996,0.00,385.28,0.00,change
20260608 16:47:14.008,866.683,4,1,1,0.0,234.996,0.00,385.23,0.00,change
20260608 16:47:14.060,866.733,4,1,1,0.0,234.996,0.00,385.18,0.00,change
20260608 16:47:14.108,866.783,4,1,1,0.0,234.996,0.00,385.13,0.00,change
20260608 16:47:14.159,866.833,4,1,1,0.0,234.996,0.00,385.08,0.00,change
20260608 16:47:14.209,866.883,4,1,1,0.0,234.996,0.00,385.03,0.00,change
20260608 16:47:14.259,866.933,4,1,1,0.0,234.996,0.00,384.98,0.00,change
20260608 16:47:14.309,866.983,4,1,1,0.0,234.996,0.00,384.93,0.00,change
20260608 16:47:14.359,867.033,4,1,1,0.0,234.996,0.00,384.88,0.00,change
20260608 16:47:14.409,867.083,4,1,1,0.0,234.996,0.00,384.83,0.00,change
20260608 16:47:14.459,867.133,4,1,1,0.0,234.996,0.00,384.78,0.00,change
20260608 16:47:14.509,867.183,4,1,1,0.0,234.996,0.00,384.73,0.00,change
20260608 16:47:14.559,867.233,4,1,1,0.0,234.996,0.00,384.67,0.00,change
20260608 16:47:14.610,867.283,4,1,1,0.0,234.996,0.00,384.62,0.00,change
20260608 16:47:14.660,867.333,4,1,1,0.0,234.996,0.00,384.57,0.00,change
20260608 16:47:14.708,867.383,4,1,1,0.0,234.996,0.00,384.52,0.00,change
20260608 16:47:14.759,867.433,4,1,1,0.0,234.996,0.00,384.47,0.00,change
20260608 16:47:14.809,867.483,4,1,1,0.0,234.996,0.00,384.42,0.00,change
20260608 16:47:14.858,867.533,4,1,1,0.0,234.996,0.00,384.37,0.00,change
20260608 16:47:14.909,867.583,4,1,1,0.0,234.996,0.00,384.32,0.00,change
20260608 16:47:14.959,867.633,4,1,1,0.0,234.996,0.00,384.27,0.00,change
20260608 16:47:15.008,867.683,4,1,1,0.0,234.996,0.00,384.22,0.00,change
20260608 16:47:15.058,867.733,4,1,1,0.0,234.996,0.00,384.17,0.00,change
20260608 16:47:15.109,867.783,4,1,1,0.0,234.996,0.00,384.12,0.00,change
20260608 16:47:15.159,867.833,4,1,1,0.0,234.996,0.00,384.07,0.00,change
20260608 16:47:15.208,867.883,4,1,1,0.0,234.996,0.00,384.02,0.00,change
20260608 16:47:15.258,867.933,4,1,1,0.0,234.996,0.00,383.97,0.00,change
20260608 16:47:15.309,867.983,4,1,1,0.0,234.996,0.00,383.92,0.00,change
20260608 16:47:15.359,868.033,4,1,1,0.0,234.996,0.00,383.87,0.00,change
20260608 16:47:15.408,868.083,4,1,1,0.0,234.996,0.00,383.82,0.00,change
20260608 16:47:15.459,868.133,4,1,1,0.0,234.996,0.00,383.76,0.00,change
20260608 16:47:15.510,868.183,4,1,1,0.0,234.996,0.00,383.71,0.00,change
20260608 16:47:15.559,868.233,4,1,1,0.0,234.996,0.00,383.66,0.00,change
20260608 16:47:15.610,868.283,4,1,1,0.0,234.996,0.00,383.61,0.00,change
20260608 16:47:15.658,868.333,4,1,1,0.0,234.996,0.00,383.56,0.00,change
20260608 16:47:15.709,868.383,4,1,1,0.0,234.996,0.00,383.51,0.00,change
20260608 16:47:15.758,868.433,4,1,1,0.0,234.996,0.00,383.46,0.00,change
20260608 16:47:15.809,868.483,4,1,1,0.0,234.996,0.00,383.41,0.00,change
20260608 16:47:15.859,868.533,4,1,1,0.0,234.996,0.00,383.36,0.00,change
20260608 16:47:15.909,868.583,4,1,1,0.0,234.996,0.00,383.31,0.00,change
20260608 16:47:15.958,868.633,4,1,1,0.0,234.996,0.00,383.26,0.00,change
20260608 16:47:16.009,868.683,4,1,1,0.0,234.996,0.00,383.21,0.00,change
20260608 16:47:16.059,868.733,4,1,1,0.0,234.996,0.00,383.16,0.00,change
20260608 16:47:16.108,868.783,4,1,1,0.0,234.996,0.00,383.11,0.00,change
20260608 16:47:16.158,868.833,4,1,1,0.0,234.996,0.00,383.06,0.00,change
20260608 16:47:16.210,868.883,4,1,1,0.0,234.996,0.00,383.01,0.00,change
20260608 16:47:16.260,868.933,4,1,1,0.0,234.996,0.00,382.96,0.00,change
20260608 16:47:16.308,868.983,4,1,1,0.0,234.996,0.00,382.91,0.00,change
20260608 16:47:16.359,869.033,4,1,1,0.0,234.996,0.00,382.86,0.00,change
20260608 16:47:16.409,869.083,4,1,1,0.0,234.996,0.00,382.80,0.00,change
20260608 16:47:16.459,869.133,4,1,1,0.0,234.996,0.00,382.75,0.00,change
20260608 16:47:16.509,869.183,4,1,1,0.0,234.996,0.00,382.70,0.00,change
20260608 16:47:16.560,869.233,4,1,1,0.0,234.996,0.00,382.65,0.00,change
20260608 16:47:16.608,869.283,4,1,1,0.0,234.996,0.00,382.60,0.00,change
20260608 16:47:16.658,869.333,4,1,1,0.0,234.996,0.00,382.55,0.00,change
20260608 16:47:16.708,869.383,4,1,1,0.0,234.996,0.00,382.50,0.00,change
20260608 16:47:16.759,869.433,4,1,1,0.0,234.996,0.00,382.45,0.00,change
20260608 16:47:16.809,869.483,4,1,1,0.0,234.996,0.00,382.40,0.00,change
20260608 16:47:16.860,869.533,4,1,1,0.0,234.996,0.00,382.35,0.00,change
20260608 16:47:16.909,869.583,4,1,1,0.0,234.996,0.00,382.30,0.00,change
20260608 16:47:16.959,869.633,4,1,1,0.0,234.996,0.00,382.25,0.00,change
20260608 16:47:17.008,869.683,4,1,1,0.0,234.996,0.00,382.20,0.00,change
20260608 16:47:17.059,869.733,4,1,1,0.0,234.996,0.00,382.15,0.00,change
20260608 16:47:17.109,869.783,4,1,1,0.0,234.996,0.00,382.10,0.00,change
20260608 16:47:17.160,869.833,4,1,1,0.0,234.996,0.00,382.05,0.00,change
20260608 16:47:17.209,869.883,4,1,1,0.0,234.996,0.00,382.00,0.00,change
20260608 16:47:17.258,869.933,4,1,1,0.0,234.996,0.00,381.95,0.00,change
20260608 16:47:17.309,869.983,4,1,1,0.0,234.996,0.00,381.90,0.00,change
20260608 16:47:17.359,870.033,4,1,1,0.0,234.996,0.00,381.84,0.00,change
20260608 16:47:17.409,870.083,4,1,1,0.0,234.996,0.00,381.79,0.00,change
20260608 16:47:17.459,870.133,4,1,1,0.0,234.996,0.00,381.74,0.00,change
20260608 16:47:17.508,870.183,4,1,1,0.0,234.996,0.00,381.69,0.00,change
20260608 16:47:17.559,870.233,4,1,1,0.0,234.996,0.00,381.64,0.00,change
20260608 16:47:17.609,870.283,4,1,1,0.0,234.996,0.00,381.59,0.00,change
20260608 16:47:17.659,870.333,4,1,1,0.0,234.996,0.00,381.54,0.00,change
20260608 16:47:17.710,870.383,4,1,1,0.0,234.996,0.00,381.49,0.00,change
20260608 16:47:17.759,870.433,4,1,1,0.0,234.996,0.00,381.44,0.00,change
20260608 16:47:17.809,870.483,4,1,1,0.0,234.996,0.00,381.39,0.00,change
20260608 16:47:17.859,870.533,4,1,1,0.0,234.996,0.00,381.34,0.00,change
20260608 16:47:17.908,870.583,4,1,1,0.0,234.996,0.00,381.29,0.00,change
20260608 16:47:17.958,870.633,4,1,1,0.0,234.996,0.00,381.24,0.00,change
20260608 16:47:18.008,870.683,4,1,1,0.0,234.996,0.00,381.19,0.00,change
20260608 16:47:18.060,870.733,4,1,1,0.0,234.996,0.00,381.14,0.00,change
20260608 16:47:18.108,870.783,4,1,1,0.0,234.996,0.00,381.09,0.00,change
20260608 16:47:18.158,870.833,4,1,1,0.0,234.996,0.00,381.04,0.00,change
20260608 16:47:18.208,870.883,4,1,1,0.0,234.996,0.00,380.99,0.00,change
20260608 16:47:18.258,870.933,4,1,1,0.0,234.996,0.00,380.93,0.00,change
20260608 16:47:18.308,870.983,4,1,1,0.0,234.996,0.00,380.88,0.00,change
20260608 16:47:18.358,871.033,4,1,1,0.0,234.996,0.00,380.83,0.00,change
20260608 16:47:18.411,871.083,4,1,1,0.0,234.996,0.00,380.78,0.00,change
20260608 16:47:18.459,871.133,4,1,1,0.0,234.996,0.00,380.73,0.00,change
20260608 16:47:18.509,871.183,4,1,1,0.0,234.996,0.00,380.68,0.00,change
20260608 16:47:18.559,871.233,4,1,1,0.0,234.996,0.00,380.63,0.00,change
20260608 16:47:18.609,871.283,4,1,1,0.0,234.996,0.00,380.58,0.00,change
20260608 16:47:18.660,871.333,4,1,1,0.0,234.996,0.00,380.53,0.00,change
20260608 16:47:18.709,871.383,4,1,1,0.0,234.996,0.00,380.48,0.00,change
20260608 16:47:18.758,871.433,4,1,1,0.0,234.996,0.00,380.43,0.00,change
20260608 16:47:18.808,871.483,4,1,1,0.0,234.996,0.00,380.38,0.00,change
20260608 16:47:18.859,871.533,4,1,1,0.0,234.996,0.00,380.33,0.00,change
20260608 16:47:18.908,871.583,4,1,1,0.0,234.996,0.00,380.28,0.00,change
20260608 16:47:18.958,871.633,4,1,1,0.0,234.996,0.00,380.23,0.00,change
20260608 16:47:19.010,871.683,4,1,1,0.0,234.996,0.00,380.18,0.00,change
20260608 16:47:19.060,871.733,4,1,1,0.0,234.996,0.00,380.13,0.00,change
20260608 16:47:19.109,871.783,4,1,1,0.0,234.996,0.00,380.08,0.00,change
20260608 16:47:19.159,871.833,4,1,1,0.0,234.996,0.00,380.03,0.00,change
20260608 16:47:19.209,871.883,4,1,1,0.0,234.996,0.00,379.97,0.00,change
20260608 16:47:19.258,871.933,4,1,1,0.0,234.996,0.00,379.92,0.00,change
20260608 16:47:19.309,871.983,4,1,1,0.0,234.996,0.00,379.87,0.00,change
20260608 16:47:19.358,872.033,4,1,1,0.0,234.996,0.00,379.82,0.00,change
20260608 16:47:19.408,872.083,4,1,1,0.0,234.996,0.00,379.77,0.00,change
20260608 16:47:19.460,872.133,4,1,1,0.0,234.996,0.00,379.72,0.00,change
20260608 16:47:19.510,872.183,4,1,1,0.0,234.996,0.00,379.67,0.00,change
20260608 16:47:19.559,872.233,4,1,1,0.0,234.996,0.00,379.62,0.00,change
20260608 16:47:19.608,872.283,4,1,1,0.0,234.996,0.00,379.57,0.00,change
20260608 16:47:19.659,872.333,4,1,1,0.0,234.996,0.00,379.52,0.00,change
20260608 16:47:19.709,872.383,4,1,1,0.0,234.996,0.00,379.47,0.00,change
20260608 16:47:19.759,872.433,4,1,1,0.0,234.996,0.00,379.42,0.00,change
20260608 16:47:19.810,872.483,4,1,1,0.0,234.996,0.00,379.37,0.00,change
20260608 16:47:19.859,872.533,4,1,1,0.0,234.996,0.00,379.32,0.00,change
20260608 16:47:19.909,872.583,4,1,1,0.0,234.996,0.00,379.27,0.00,change
20260608 16:47:19.959,872.633,4,1,1,0.0,234.996,0.00,379.22,0.00,change
20260608 16:47:20.008,872.683,4,1,1,0.0,234.996,0.00,379.17,0.00,change
20260608 16:47:20.059,872.733,4,1,1,0.0,234.996,0.00,379.12,0.00,change
20260608 16:47:20.108,872.783,4,1,1,0.0,234.996,0.00,379.07,0.00,change
20260608 16:47:20.160,872.833,4,1,1,0.0,234.996,0.00,379.01,0.00,change
20260608 16:47:20.209,872.883,4,1,1,0.0,234.996,0.00,378.96,0.00,change
20260608 16:47:20.257,872.933,4,1,1,0.0,234.996,0.00,378.91,0.00,change
20260608 16:47:20.308,872.983,4,1,1,0.0,234.996,0.00,378.86,0.00,change
20260608 16:47:20.360,873.033,4,1,1,0.0,234.996,0.00,378.81,0.00,change
20260608 16:47:20.408,873.083,4,1,1,0.0,234.996,0.00,378.76,0.00,change
20260608 16:47:20.458,873.133,4,1,1,0.0,234.996,0.00,378.71,0.00,change
20260608 16:47:20.509,873.183,4,1,1,0.0,234.996,0.00,378.66,0.00,change
20260608 16:47:20.558,873.233,4,1,1,0.0,234.996,0.00,378.61,0.00,change
20260608 16:47:20.609,873.283,4,1,1,0.0,234.996,0.00,378.56,0.00,change
20260608 16:47:20.659,873.333,4,1,1,0.0,234.996,0.00,378.51,0.00,change
20260608 16:47:20.709,873.383,4,1,1,0.0,234.996,0.00,378.46,0.00,change
20260608 16:47:20.758,873.433,4,1,1,0.0,234.996,0.00,378.41,0.00,change
20260608 16:47:20.809,873.483,4,1,1,0.0,234.996,0.00,378.36,0.00,change
20260608 16:47:20.859,873.533,4,1,1,0.0,234.996,0.00,378.31,0.00,change
20260608 16:47:20.909,873.583,4,1,1,0.0,234.996,0.00,378.26,0.00,change
20260608 16:47:20.958,873.633,4,1,1,0.0,234.996,0.00,378.21,0.00,change
20260608 16:47:21.010,873.683,4,1,1,0.0,234.996,0.00,378.16,0.00,change
20260608 16:47:21.060,873.733,4,1,1,0.0,234.996,0.00,378.10,0.00,change
20260608 16:47:21.110,873.783,4,1,1,0.0,234.996,0.00,378.05,0.00,change
20260608 16:47:21.158,873.833,4,1,1,0.0,234.996,0.00,378.00,0.00,change
20260608 16:47:21.209,873.883,4,1,1,0.0,234.996,0.00,377.95,0.00,change
20260608 16:47:21.259,873.933,4,1,1,0.0,234.996,0.00,377.90,0.00,change
20260608 16:47:21.308,873.983,4,1,1,0.0,234.996,0.00,377.85,0.00,change
20260608 16:47:21.359,874.033,4,1,1,0.0,234.996,0.00,377.80,0.00,change
20260608 16:47:21.409,874.083,4,1,1,0.0,234.996,0.00,377.75,0.00,change
20260608 16:47:21.459,874.133,4,1,1,0.0,234.996,0.00,377.70,0.00,change
20260608 16:47:21.509,874.183,4,1,1,0.0,234.996,0.00,377.65,0.00,change
20260608 16:47:21.559,874.233,4,1,1,0.0,234.996,0.00,377.60,0.00,change
20260608 16:47:21.610,874.283,4,1,1,0.0,234.996,0.00,377.55,0.00,change
20260608 16:47:21.659,874.333,4,1,1,0.0,234.996,0.00,377.50,0.00,change
20260608 16:47:21.709,874.383,4,1,1,0.0,234.996,0.00,377.45,0.00,change
20260608 16:47:21.760,874.433,4,1,1,0.0,234.996,0.00,377.40,0.00,change
20260608 16:47:21.809,874.483,4,1,1,0.0,234.996,0.00,377.35,0.00,change
20260608 16:47:21.859,874.533,4,1,1,0.0,234.996,0.00,377.30,0.00,change
20260608 16:47:21.909,874.583,4,1,1,0.0,234.996,0.00,377.25,0.00,change
20260608 16:47:21.959,874.633,4,1,1,0.0,234.996,0.00,377.20,0.00,change
20260608 16:47:22.009,874.683,4,1,1,0.0,234.996,0.00,377.14,0.00,change
20260608 16:47:22.059,874.733,4,1,1,0.0,234.996,0.00,377.09,0.00,change
20260608 16:47:22.109,874.783,4,1,1,0.0,234.996,0.00,377.04,0.00,change
20260608 16:47:22.159,874.833,4,1,1,0.0,234.996,0.00,376.99,0.00,change
20260608 16:47:22.209,874.883,4,1,1,0.0,234.996,0.00,376.94,0.00,change
20260608 16:47:22.259,874.933,4,1,1,0.0,234.996,0.00,376.89,0.00,change
20260608 16:47:22.310,874.983,4,1,1,0.0,234.996,0.00,376.84,0.00,change
20260608 16:47:22.359,875.033,4,1,1,0.0,234.996,0.00,376.79,0.00,change
20260608 16:47:22.408,875.083,4,1,1,0.0,234.996,0.00,376.74,0.00,change
20260608 16:47:22.459,875.133,4,1,1,0.0,234.996,0.00,376.69,0.00,change
20260608 16:47:22.510,875.183,4,1,1,0.0,234.996,0.00,376.64,0.00,change
20260608 16:47:22.559,875.233,4,1,1,0.0,234.996,0.00,376.59,0.00,change
20260608 16:47:22.608,875.283,4,1,1,0.0,234.996,0.00,376.54,0.00,change
20260608 16:47:22.659,875.333,4,1,1,0.0,234.996,0.00,376.49,0.00,change
20260608 16:47:22.710,875.383,4,1,1,0.0,234.996,0.00,376.44,0.00,change
20260608 16:47:22.759,875.433,4,1,1,0.0,234.996,0.00,376.39,0.00,change
20260608 16:47:22.810,875.483,4,1,1,0.0,234.996,0.00,376.34,0.00,change
20260608 16:47:22.858,875.533,4,1,1,0.0,234.996,0.00,376.29,0.00,change
20260608 16:47:22.908,875.583,4,1,1,0.0,234.996,0.00,376.23,0.00,change
20260608 16:47:22.959,875.633,4,1,1,0.0,234.996,0.00,376.18,0.00,change
20260608 16:47:23.008,875.683,4,1,1,0.0,234.996,0.00,376.13,0.00,change
20260608 16:47:23.058,875.733,4,1,1,0.0,234.996,0.00,376.08,0.00,change
20260608 16:47:23.109,875.783,4,1,1,0.0,234.996,0.00,376.03,0.00,change
20260608 16:47:23.178,875.833,4,1,1,0.0,234.996,0.00,375.98,0.00,change
20260608 16:47:23.205,875.883,4,1,1,0.0,234.996,0.00,375.93,0.00,change
20260608 16:47:23.252,875.933,4,1,1,0.0,234.996,0.00,375.88,0.00,change
20260608 16:47:23.301,875.983,4,1,1,0.0,234.996,0.00,375.83,0.00,change
20260608 16:47:23.352,876.033,4,1,1,0.0,234.996,0.00,375.78,0.00,change
20260608 16:47:23.401,876.083,4,1,1,0.0,234.996,0.00,375.73,0.00,change
20260608 16:47:23.452,876.133,4,1,1,0.0,234.996,0.00,375.68,0.00,change
20260608 16:47:23.503,876.183,4,1,1,0.0,234.996,0.00,375.63,0.00,change
20260608 16:47:23.552,876.233,4,1,1,0.0,234.996,0.00,375.58,0.00,change
20260608 16:47:23.603,876.283,4,1,1,0.0,234.996,0.00,375.53,0.00,change
20260608 16:47:23.652,876.333,4,1,1,0.0,234.996,0.00,375.48,0.00,change
20260608 16:47:23.702,876.383,4,1,1,0.0,234.996,0.00,375.43,0.00,change
20260608 16:47:23.752,876.433,4,1,1,0.0,234.996,0.00,375.38,0.00,change
20260608 16:47:23.801,876.483,4,1,1,0.0,234.996,0.00,375.33,0.00,change
20260608 16:47:23.851,876.533,4,1,1,0.0,234.996,0.00,375.27,0.00,change
20260608 16:47:23.903,876.583,4,1,1,0.0,234.996,0.00,375.22,0.00,change
20260608 16:47:23.952,876.633,4,1,1,0.0,234.996,0.00,375.17,0.00,change
20260608 16:47:24.006,876.683,4,1,1,0.0,234.996,0.00,375.12,0.00,change
20260608 16:47:24.053,876.733,4,1,1,0.0,234.996,0.00,375.07,0.00,change
20260608 16:47:24.102,876.783,4,1,1,0.0,234.996,0.00,375.02,0.00,change
20260608 16:47:24.152,876.833,4,1,1,0.0,234.996,0.00,374.97,0.00,change
20260608 16:47:24.203,876.883,4,1,1,0.0,234.996,0.00,374.92,0.00,change
20260608 16:47:24.252,876.933,4,1,1,0.0,234.996,0.00,374.87,0.00,change
20260608 16:47:24.303,876.983,4,1,1,0.0,234.996,0.00,374.82,0.00,change
20260608 16:47:24.352,877.033,4,1,1,0.0,234.996,0.00,374.77,0.00,change
20260608 16:47:24.403,877.083,4,1,1,0.0,234.996,0.00,374.72,0.00,change
20260608 16:47:24.455,877.133,4,1,1,0.0,234.996,0.00,374.67,0.00,change
20260608 16:47:24.504,877.183,4,1,1,0.0,234.996,0.00,374.62,0.00,change
20260608 16:47:24.555,877.233,4,1,1,0.0,234.996,0.00,374.57,0.00,change
20260608 16:47:24.603,877.283,4,1,1,0.0,234.996,0.00,374.52,0.00,change
20260608 16:47:24.653,877.333,4,1,1,0.0,234.996,0.00,374.47,0.00,change
20260608 16:47:24.703,877.383,4,1,1,0.0,234.996,0.00,374.42,0.00,change
20260608 16:47:24.751,877.433,4,1,1,0.0,234.996,0.00,374.37,0.00,change
20260608 16:47:24.803,877.483,4,1,1,0.0,234.996,0.00,374.31,0.00,change
20260608 16:47:24.852,877.533,4,1,1,0.0,234.996,0.00,374.26,0.00,change
20260608 16:47:24.902,877.583,4,1,1,0.0,234.996,0.00,374.21,0.00,change
20260608 16:47:24.952,877.633,4,1,1,0.0,234.996,0.00,374.16,0.00,change
20260608 16:47:25.003,877.683,4,1,1,0.0,234.996,0.00,374.11,0.00,change
20260608 16:47:25.052,877.733,4,1,1,0.0,234.996,0.00,374.06,0.00,change
20260608 16:47:25.102,877.783,4,1,1,0.0,234.996,0.00,374.01,0.00,change
20260608 16:47:25.153,877.833,4,1,1,0.0,234.996,0.00,373.96,0.00,change
20260608 16:47:25.202,877.883,4,1,1,0.0,234.996,0.00,373.91,0.00,change
20260608 16:47:25.252,877.933,4,1,1,0.0,234.996,0.00,373.86,0.00,change
20260608 16:47:25.305,877.983,4,1,1,0.0,234.996,0.00,373.81,0.00,change
20260608 16:47:25.352,878.033,4,1,1,0.0,234.996,0.00,373.76,0.00,change
20260608 16:47:25.402,878.083,4,1,1,0.0,234.996,0.00,373.71,0.00,change
20260608 16:47:25.452,878.133,4,1,1,0.0,234.996,0.00,373.66,0.00,change
20260608 16:47:25.502,878.183,4,1,1,0.0,234.996,0.00,373.61,0.00,change
20260608 16:47:25.553,878.233,4,1,1,0.0,234.996,0.00,373.56,0.00,change
20260608 16:47:25.602,878.283,4,1,1,0.0,234.996,0.00,373.51,0.00,change
20260608 16:47:25.652,878.333,4,1,1,0.0,234.996,0.00,373.46,0.00,change
20260608 16:47:25.702,878.383,4,1,1,0.0,234.996,0.00,373.40,0.00,change
20260608 16:47:25.752,878.433,4,1,1,0.0,234.996,0.00,373.35,0.00,change
20260608 16:47:25.803,878.483,4,1,1,0.0,234.996,0.00,373.30,0.00,change
20260608 16:47:25.853,878.533,4,1,1,0.0,234.996,0.00,373.25,0.00,change
20260608 16:47:25.901,878.583,4,1,1,0.0,234.996,0.00,373.20,0.00,change
20260608 16:47:25.952,878.633,4,1,1,0.0,234.996,0.00,373.15,0.00,change
20260608 16:47:26.002,878.683,4,1,1,0.0,234.996,0.00,373.10,0.00,change
20260608 16:47:26.052,878.733,4,1,1,0.0,234.996,0.00,373.05,0.00,change
20260608 16:47:26.103,878.783,4,1,1,0.0,234.996,0.00,373.00,0.00,change
20260608 16:47:26.153,878.833,4,1,1,0.0,234.996,0.00,372.95,0.00,change
20260608 16:47:26.203,878.883,4,1,1,0.0,234.996,0.00,372.90,0.00,change
20260608 16:47:26.254,878.933,4,1,1,0.0,234.996,0.00,372.85,0.00,change
20260608 16:47:26.303,878.983,4,1,1,0.0,234.996,0.00,372.80,0.00,change
20260608 16:47:26.351,879.033,4,1,1,0.0,234.996,0.00,372.75,0.00,change
20260608 16:47:26.401,879.083,4,1,1,0.0,234.996,0.00,372.70,0.00,change
20260608 16:47:26.451,879.133,4,1,1,0.0,234.996,0.00,372.65,0.00,change
20260608 16:47:26.502,879.183,4,1,1,0.0,234.996,0.00,372.60,0.00,change
20260608 16:47:26.552,879.233,4,1,1,0.0,234.996,0.00,372.55,0.00,change
20260608 16:47:26.601,879.283,4,1,1,0.0,234.996,0.00,372.50,0.00,change
20260608 16:47:26.652,879.333,4,1,1,0.0,234.996,0.00,372.44,0.00,change
20260608 16:47:26.702,879.383,4,1,1,0.0,234.996,0.00,372.39,0.00,change
20260608 16:47:26.751,879.433,4,1,1,0.0,234.996,0.00,372.34,0.00,change
20260608 16:47:26.802,879.483,4,1,1,0.0,234.996,0.00,372.29,0.00,change
20260608 16:47:26.851,879.533,4,1,1,0.0,234.996,0.00,372.24,0.00,change
20260608 16:47:26.902,879.583,4,1,1,0.0,234.996,0.00,372.19,0.00,change
20260608 16:47:26.953,879.633,4,1,1,0.0,234.996,0.00,372.14,0.00,change
20260608 16:47:27.002,879.683,4,1,1,0.0,234.996,0.00,372.09,0.00,change
20260608 16:47:27.054,879.733,4,1,1,0.0,234.996,0.00,372.04,0.00,change
20260608 16:47:27.102,879.783,4,1,1,0.0,234.996,0.00,371.99,0.00,change
20260608 16:47:27.153,879.833,4,1,1,0.0,234.996,0.00,371.94,0.00,change
20260608 16:47:27.203,879.883,4,1,1,0.0,234.996,0.00,371.89,0.00,change
20260608 16:47:27.252,879.933,4,1,1,0.0,234.996,0.00,371.84,0.00,change
20260608 16:47:27.302,879.983,4,1,1,0.0,234.996,0.00,371.79,0.00,change
20260608 16:47:27.351,880.033,4,1,1,0.0,234.996,0.00,371.74,0.00,change
20260608 16:47:27.402,880.083,4,1,1,0.0,234.996,0.00,371.69,0.00,change
20260608 16:47:27.452,880.133,4,1,1,0.0,234.996,0.00,371.64,0.00,change
20260608 16:47:27.501,880.183,4,1,1,0.0,234.996,0.00,371.59,0.00,change
20260608 16:47:27.550,880.233,4,1,1,0.0,234.996,0.00,371.54,0.00,change
20260608 16:47:27.601,880.283,4,1,1,0.0,234.996,0.00,371.49,0.00,change
20260608 16:47:27.651,880.333,4,1,1,0.0,234.996,0.00,371.44,0.00,change
20260608 16:47:27.701,880.383,4,1,1,0.0,234.996,0.00,371.38,0.00,change
20260608 16:47:27.750,880.433,4,1,1,0.0,234.996,0.00,371.33,0.00,change
20260608 16:47:27.799,880.483,4,1,1,0.0,234.996,0.00,371.28,0.00,change
20260608 16:47:27.850,880.533,4,1,1,0.0,234.996,0.00,371.23,0.00,change
20260608 16:47:27.900,880.583,4,1,1,0.0,234.996,0.00,371.18,0.00,change
20260608 16:47:27.950,880.633,4,1,1,0.0,234.996,0.00,371.13,0.00,change
20260608 16:47:28.001,880.683,4,1,1,0.0,234.996,0.00,371.08,0.00,change
20260608 16:47:28.050,880.733,4,1,1,0.0,234.996,0.00,371.03,0.00,change
20260608 16:47:28.101,880.783,4,1,1,0.0,234.996,0.00,370.98,0.00,change
20260608 16:47:28.150,880.833,4,1,1,0.0,234.996,0.00,370.93,0.00,change
20260608 16:47:28.200,880.883,4,1,1,0.0,234.996,0.00,370.88,0.00,change
20260608 16:47:28.249,880.933,4,1,1,0.0,234.996,0.00,370.83,0.00,change
20260608 16:47:28.301,880.983,4,1,1,0.0,234.996,0.00,370.78,0.00,change
20260608 16:47:28.351,881.033,4,1,1,0.0,234.996,0.00,370.73,0.00,change
20260608 16:47:28.401,881.083,4,1,1,0.0,234.996,0.00,370.68,0.00,change
20260608 16:47:28.451,881.133,4,1,1,0.0,234.996,0.00,370.63,0.00,change
20260608 16:47:28.500,881.183,4,1,1,0.0,234.996,0.00,370.58,0.00,change
20260608 16:47:28.551,881.233,4,1,1,0.0,234.996,0.00,370.53,0.00,change
20260608 16:47:28.601,881.283,4,1,1,0.0,234.996,0.00,370.48,0.00,change
20260608 16:47:28.651,881.333,4,1,1,0.0,234.996,0.00,370.43,0.00,change
20260608 16:47:28.700,881.383,4,1,1,0.0,234.996,0.00,370.38,0.00,change
20260608 16:47:28.751,881.433,4,1,1,0.0,234.996,0.00,370.33,0.00,change
20260608 16:47:28.800,881.483,4,1,1,0.0,234.996,0.00,370.28,0.00,change
20260608 16:47:28.851,881.533,4,1,1,0.0,234.996,0.00,370.22,0.00,change
20260608 16:47:28.900,881.583,4,1,1,0.0,234.996,0.00,370.17,0.00,change
20260608 16:47:28.952,881.633,4,1,1,0.0,234.996,0.00,370.12,0.00,change
20260608 16:47:29.000,881.683,4,1,1,0.0,234.996,0.00,370.07,0.00,change
20260608 16:47:29.051,881.733,4,1,1,0.0,234.996,0.00,370.02,0.00,change
20260608 16:47:29.100,881.783,4,1,1,0.0,234.996,0.00,369.97,0.00,change
20260608 16:47:29.150,881.833,4,1,1,0.0,234.996,0.00,369.92,0.00,change
20260608 16:47:29.200,881.883,4,1,1,0.0,234.996,0.00,369.87,0.00,change
20260608 16:47:29.250,881.933,4,1,1,0.0,234.996,0.00,369.82,0.00,change
20260608 16:47:29.300,881.983,4,1,1,0.0,234.996,0.00,369.77,0.00,change
20260608 16:47:29.350,882.033,4,1,1,0.0,234.996,0.00,369.72,0.00,change
20260608 16:47:29.401,882.083,4,1,1,0.0,234.996,0.00,369.67,0.00,change
20260608 16:47:29.450,882.133,4,1,1,0.0,234.996,0.00,369.62,0.00,change
20260608 16:47:29.500,882.183,4,1,1,0.0,234.996,0.00,369.57,0.00,change
20260608 16:47:29.551,882.233,4,1,1,0.0,234.996,0.00,369.52,0.00,change
20260608 16:47:29.600,882.283,4,1,1,0.0,234.996,0.00,369.47,0.00,change
20260608 16:47:29.650,882.333,4,1,1,0.0,234.996,0.00,369.42,0.00,change
20260608 16:47:29.701,882.383,4,1,1,0.0,234.996,0.00,369.37,0.00,change
20260608 16:47:29.750,882.433,4,1,1,0.0,234.996,0.00,369.32,0.00,change
20260608 16:47:29.802,882.483,4,1,1,0.0,234.996,0.00,369.27,0.00,change
20260608 16:47:29.850,882.533,4,1,1,0.0,234.996,0.00,369.22,0.00,change
20260608 16:47:29.901,882.583,4,1,1,0.0,234.996,0.00,369.17,0.00,change
20260608 16:47:29.950,882.633,4,1,1,0.0,234.996,0.00,369.12,0.00,change
20260608 16:47:30.001,882.683,4,1,1,0.0,234.996,0.00,369.07,0.00,change
20260608 16:47:30.051,882.733,4,1,1,0.0,234.996,0.00,369.02,0.00,change
20260608 16:47:30.101,882.783,4,1,1,0.0,234.996,0.00,368.97,0.00,change
20260608 16:47:30.149,882.833,4,1,1,0.0,234.996,0.00,368.91,0.00,change
20260608 16:47:30.200,882.883,4,1,1,0.0,234.996,0.00,368.86,0.00,change
20260608 16:47:30.251,882.933,4,1,1,0.0,234.996,0.00,368.81,0.00,change
20260608 16:47:30.301,882.983,4,1,1,0.0,234.996,0.00,368.76,0.00,change
20260608 16:47:30.351,883.033,4,1,1,0.0,234.996,0.00,368.71,0.00,change
20260608 16:47:30.402,883.083,4,1,1,0.0,234.996,0.00,368.66,0.00,change
20260608 16:47:30.450,883.133,4,1,1,0.0,234.996,0.00,368.61,0.00,change
20260608 16:47:30.502,883.183,4,1,1,0.0,234.996,0.00,368.56,0.00,change
20260608 16:47:30.551,883.233,4,1,1,0.0,234.996,0.00,368.51,0.00,change
20260608 16:47:30.600,883.283,4,1,1,0.0,234.996,0.00,368.46,0.00,change
20260608 16:47:30.650,883.333,4,1,1,0.0,234.996,0.00,368.41,0.00,change
20260608 16:47:30.700,883.383,4,1,1,0.0,234.996,0.00,368.36,0.00,change
20260608 16:47:30.750,883.433,4,1,1,0.0,234.996,0.00,368.31,0.00,change
20260608 16:47:30.800,883.483,4,1,1,0.0,234.996,0.00,368.26,0.00,change
20260608 16:47:30.851,883.533,4,1,1,0.0,234.996,0.00,368.21,0.00,change
20260608 16:47:30.901,883.583,4,1,1,0.0,234.996,0.00,368.16,0.00,change
20260608 16:47:30.951,883.633,4,1,1,0.0,234.996,0.00,368.11,0.00,change
20260608 16:47:31.001,883.683,4,1,1,0.0,234.996,0.00,368.06,0.00,change
20260608 16:47:31.050,883.733,4,1,1,0.0,234.996,0.00,368.01,0.00,change
20260608 16:47:31.101,883.783,4,1,1,0.0,234.996,0.00,367.96,0.00,change
20260608 16:47:31.151,883.833,4,1,1,0.0,234.996,0.00,367.91,0.00,change
20260608 16:47:31.201,883.883,4,1,1,0.0,234.996,0.00,367.86,0.00,change
20260608 16:47:31.252,883.933,4,1,1,0.0,234.996,0.00,367.81,0.00,change
20260608 16:47:31.301,883.983,4,1,1,0.0,234.996,0.00,367.76,0.00,change
20260608 16:47:31.351,884.033,4,1,1,0.0,234.996,0.00,367.71,0.00,change
20260608 16:47:31.401,884.083,4,1,1,0.0,234.996,0.00,367.65,0.00,change
20260608 16:47:31.452,884.133,4,1,1,0.0,234.996,0.00,367.60,0.00,change
20260608 16:47:31.500,884.183,4,1,1,0.0,234.996,0.00,367.55,0.00,change
20260608 16:47:31.552,884.233,4,1,1,0.0,234.996,0.00,367.50,0.00,change
20260608 16:47:31.602,884.283,4,1,1,0.0,234.996,0.00,367.45,0.00,change
20260608 16:47:31.652,884.333,4,1,1,0.0,234.996,0.00,367.40,0.00,change
20260608 16:47:31.704,884.383,4,1,1,0.0,234.996,0.00,367.35,0.00,change
20260608 16:47:31.752,884.433,4,1,1,0.0,234.996,0.00,367.30,0.00,change
20260608 16:47:31.804,884.483,4,1,1,0.0,234.996,0.00,367.25,0.00,change
20260608 16:47:31.853,884.533,4,1,1,0.0,234.996,0.00,367.20,0.00,change
